a1,a2,x,y,z,velocityx_avg,velocityy_avg,velocityz_avg
1638.0,0.0,2908.0728078915536,2148.7615982463212,90.0,10.071469103300679,5.530902912611474,-0.04024051619791623
1638.0,1.0,2907.5728078915536,2149.6276236501058,90.0,10.074226292740274,5.531469255669525,-0.04201520807084463
1638.0,2.0,2907.0728078915536,2150.4936490538903,90.0,10.07698348217987,5.532035598727577,-0.043789899943773025
1638.0,3.0,2906.5728078915536,2151.3596744576744,90.0,10.079740671619465,5.532601941785629,-0.04556459181670143
1638.0,4.0,2906.0728078915536,2152.225699861459,90.0,10.08249786105906,5.533168284843681,-0.04733928368962982
1638.0,5.0,2905.5728078915536,2153.0917252652434,90.0,10.085255050498656,5.533734627901733,-0.04911397556255822
1638.0,6.0,2905.0728078915536,2153.957750669028,90.0,10.088012239938251,5.534300970959785,-0.050888667435486624
1638.0,7.0,2904.5728078915536,2154.8237760728125,90.0,10.088965898847697,5.534033142148951,-0.05165436595281321
1638.0,8.0,2904.0728078915536,2155.6898014765966,90.0,10.089146616101363,5.533407811108598,-0.05198763874631035
1638.0,9.0,2903.5728078915536,2156.555826880381,90.0,10.08932733335503,5.532782480068242,-0.052320911539807495
1638.0,10.0,2903.0728078915536,2157.4218522841657,90.0,10.089508050608694,5.532157149027887,-0.05265418433330464
1638.0,11.0,2902.5728078915536,2158.28787768795,90.0,10.08968876786236,5.531531817987532,-0.05298745712680178
1638.0,12.0,2902.0728078915536,2159.1539030917347,90.0,10.089869485116026,5.530906486947177,-0.05332072992029892
1638.0,13.0,2901.5728078915536,2160.019928495519,90.0,10.088795369326084,5.529890600523589,-0.052902874818133876
1638.0,14.0,2901.0728078915536,2160.8859538993033,90.0,10.08583900397073,5.528288881025153,-0.05135832787247562
1638.0,15.0,2900.5728078915536,2161.751979303088,90.0,10.082882638615374,5.526687161526716,-0.04981378092681736
1638.0,16.0,2900.0728078915536,2162.6180047068724,90.0,10.07992627326002,5.52508544202828,-0.048269233981159114
1638.0,17.0,2899.5728078915536,2163.4840301106565,90.0,10.076969907904665,5.523483722529844,-0.04672468703550085
1638.0,18.0,2899.0728078915536,2164.350055514441,90.0,10.074013542549311,5.521882003031408,-0.0451801400898426
1638.0,19.0,2898.5728078915536,2165.2160809182255,90.0,10.070828372612448,5.520313775477609,-0.043590003521707756
1638.0,20.0,2898.0728078915536,2166.08210632201,90.0,10.065583961442009,5.519046975425553,-0.04158956035128337
1638.0,21.0,2897.5728078915536,2166.9481317257946,90.0,10.06033955027157,5.517780175373498,-0.03958911718085898
1638.0,22.0,2897.0728078915536,2167.8141571295787,90.0,10.05509513910113,5.516513375321443,-0.0375886740104346
1638.0,23.0,2896.5728078915536,2168.680182533363,90.0,10.049850727930691,5.515246575269387,-0.03558823084001021
1638.0,24.0,2896.0728078915536,2169.5462079371478,90.0,10.044606316760252,5.513979775217331,-0.033587787669585825
1638.0,25.0,2895.5728078915536,2170.4122333409323,90.0,10.039361905589812,5.512712975165275,-0.03158734449916144
1638.0,26.0,2895.0728078915536,2171.278258744717,90.0,10.03416126915031,5.512255435308737,-0.03161024332936469
1638.0,27.0,2894.5728078915536,2172.144284148501,90.0,10.028971576393543,5.5120002105010775,-0.03213897765972478
1638.0,28.0,2894.0728078915536,2173.0103095522854,90.0,10.023781883636776,5.511744985693419,-0.03266771199008487
1638.0,29.0,2893.5728078915536,2173.87633495607,90.0,10.018592190880009,5.511489760885759,-0.03319644632044496
1638.0,30.0,2893.0728078915536,2174.7423603598545,90.0,10.013402498123241,5.511234536078099,-0.03372518065080504
1638.0,31.0,2892.5728078915536,2175.608385763639,90.0,10.008212805366474,5.5109793112704395,-0.03425391498116513
1638.0,32.0,2892.0728078915536,2176.474411167423,90.0,10.004193233682505,5.510960962041145,-0.035535256362604704
1638.0,33.0,2891.5728078915536,2177.3404365712076,90.0,10.001343783071334,5.511179488390216,-0.03756920479512386
1638.0,34.0,2891.0728078915536,2178.206461974992,90.0,9.998494332460163,5.511398014739287,-0.039603153227643004
1638.0,35.0,2890.5728078915536,2179.0724873787767,90.0,9.995644881848992,5.511616541088358,-0.04163710166016216
1638.0,36.0,2890.0728078915536,2179.938512782561,90.0,9.992795431237823,5.511835067437429,-0.04367105009268131
1638.0,37.0,2889.5728078915536,2180.8045381863453,90.0,9.989945980626652,5.5120535937865,-0.04570499852520046
1638.0,38.0,2889.0728078915536,2181.67056359013,90.0,9.987694292233389,5.512496750073761,-0.047394516996907936
1638.0,39.0,2888.5728078915536,2182.5365889939144,90.0,9.987833652711757,5.5138384261137885,-0.047706315625368076
1638.0,40.0,2888.0728078915536,2183.402614397699,90.0,9.987973013190125,5.515180102153815,-0.04801811425382821
1638.0,41.0,2887.5728078915536,2184.268639801483,90.0,9.988112373668493,5.516521778193842,-0.048329912882288356
1638.0,42.0,2887.0728078915536,2185.1346652052675,90.0,9.98825173414686,5.5178634542338685,-0.0486417115107485
1638.0,43.0,2886.5728078915536,2186.000690609052,90.0,9.98839109462523,5.519205130273895,-0.048953510139208636
1638.0,44.0,2886.0728078915536,2186.8667160128366,90.0,9.988530455103596,5.520546806313922,-0.04926530876766878
1638.0,45.0,2885.5728078915536,2187.732741416621,90.0,9.988909019127696,5.522772301089544,-0.04752900297869106
1638.0,46.0,2885.0728078915536,2188.598766820405,90.0,9.989314161323547,5.5250959979469005,-0.045565130032220215
1638.0,47.0,2884.5728078915536,2189.4647922241898,90.0,9.989719303519395,5.527419694804257,-0.043601257085749356
1638.0,48.0,2884.0728078915536,2190.3308176279743,90.0,9.990124445715246,5.529743391661612,-0.041637384139278505
1638.0,49.0,2883.5728078915536,2191.196843031759,90.0,9.990529587911094,5.532067088518968,-0.03967351119280765
1638.0,50.0,2883.0728078915536,2192.0628684355434,90.0,9.990934730106943,5.534390785376324,-0.037709638246336795
1638.0,51.0,2882.5728078915536,2192.9288938393274,90.0,9.988783433371097,5.53658899689124,-0.035499977670358056
1638.0,52.0,2882.0728078915536,2193.794919243112,90.0,9.984927844014118,5.5387035515111975,-0.03312645867470735
1638.0,53.0,2881.5728078915536,2194.6609446468965,90.0,9.981072254657139,5.540818106131153,-0.030752939679056637
1638.0,54.0,2881.0728078915536,2195.526970050681,90.0,9.97721666530016,5.542932660751109,-0.028379420683405925
1638.0,55.0,2880.5728078915536,2196.3929954544656,90.0,9.973361075943181,5.545047215371065,-0.02600590168775522
1638.0,56.0,2880.0728078915536,2197.2590208582496,90.0,9.969505486586202,5.547161769991022,-0.023632382692104506
1638.0,57.0,2879.5728078915536,2198.125046262034,90.0,9.96471117034527,5.549313086955183,-0.021845217736116973
1638.0,58.0,2879.0728078915536,2198.9910716658187,90.0,9.957726491375112,5.551550182722489,-0.021426212206010216
1638.0,59.0,2878.5728078915536,2199.8570970696032,90.0,9.950741812404953,5.553787278489795,-0.021007206675903452
1638.0,60.0,2878.0728078915536,2200.723122473388,90.0,9.943757133434795,5.556024374257101,-0.020588201145796695
1638.0,61.0,2877.5728078915536,2201.589147877172,90.0,9.936772454464638,5.558261470024407,-0.020169195615689934
1638.0,62.0,2877.0728078915536,2202.4551732809564,90.0,9.92978777549448,5.560498565791713,-0.019750190085583173
1638.0,63.0,2876.5728078915536,2203.321198684741,90.0,9.922803096524321,5.562735661559019,-0.019331184555476413
1638.0,64.0,2876.0728078915536,2204.1872240885255,90.0,9.916585246895107,5.565490194341525,-0.021182530124623546
1638.0,65.0,2875.5728078915536,2205.0532494923095,90.0,9.910367397265894,5.568244727124031,-0.02303387569377081
1638.0,66.0,2875.0728078915536,2205.919274896094,90.0,9.904149547636681,5.570999259906538,-0.024885221262918075
1638.0,67.0,2874.5728078915536,2206.7853002998786,90.0,9.897931698007467,5.573753792689043,-0.026736566832065337
1638.0,68.0,2874.0728078915536,2207.651325703663,90.0,9.891713848378254,5.57650832547155,-0.0285879124012126
1638.0,69.0,2873.5728078915536,2208.5173511074477,90.0,9.885495998749041,5.579262858254056,-0.030439257970359863
1638.0,70.0,2873.0728078915536,2209.3833765112317,90.0,9.881189641040242,5.582033181960856,-0.032702227461571566
1638.0,71.0,2872.5728078915536,2210.2494019150163,90.0,9.877702494154478,5.5848102732066405,-0.035141607205096674
1638.0,72.0,2872.0728078915536,2211.115427318801,90.0,9.874215347268716,5.587587364452425,-0.03758098694862179
1638.0,73.0,2871.5728078915536,2211.9814527225853,90.0,9.870728200382954,5.590364455698209,-0.04002036669214691
1638.0,74.0,2871.0728078915536,2212.84747812637,90.0,9.86724105349719,5.5931415469439925,-0.04245974643567202
1638.0,75.0,2870.5728078915536,2213.713503530154,90.0,9.863753906611429,5.595918638189777,-0.044899126179197134
1638.0,76.0,2870.0728078915536,2214.5795289339385,90.0,9.861761705383582,5.5987167753059985,-0.047046632271382706
1638.0,77.0,2869.5728078915536,2215.445554337723,90.0,9.862011922642612,5.601546481227876,-0.048756327886558905
1638.0,78.0,2869.0728078915536,2216.3115797415076,90.0,9.862262139901642,5.604376187149755,-0.0504660235017351
1638.0,79.0,2868.5728078915536,2217.177605145292,90.0,9.862512357160671,5.607205893071633,-0.052175719116911295
1638.0,80.0,2868.0728078915536,2218.043630549076,90.0,9.8627625744197,5.610035598993512,-0.053885414732087494
1638.0,81.0,2867.5728078915536,2218.9096559528607,90.0,9.86301279167873,5.612865304915389,-0.05559511034726369
1638.0,82.0,2867.0728078915536,2219.7756813566452,90.0,9.863543470869079,5.615664336196696,-0.05721962049841496
1638.0,83.0,2866.5728078915536,2220.6417067604298,90.0,9.866598307441311,5.618187295712854,-0.0580774614733411
1638.0,84.0,2866.0728078915536,2221.507732164214,90.0,9.869653144013544,5.620710255229012,-0.058935302448267224
1638.0,85.0,2865.5728078915536,2222.3737575679984,90.0,9.872707980585776,5.62323321474517,-0.05979314342319336
1638.0,86.0,2865.0728078915536,2223.239782971783,90.0,9.87576281715801,5.625756174261328,-0.0606509843981195
1638.0,87.0,2864.5728078915536,2224.1058083755674,90.0,9.878817653730243,5.628279133777486,-0.06150882537304563
1638.0,88.0,2864.0728078915536,2224.971833779352,90.0,9.881872490302475,5.630802093293644,-0.06236666634797178
1638.0,89.0,2863.5728078915536,2225.837859183136,90.0,9.882160945467085,5.631145657895592,-0.06230223686445393
1638.0,90.0,2863.0728078915536,2226.7038845869206,90.0,9.881757805279788,5.630944373768989,-0.062007239766325065
1638.0,91.0,2862.5728078915536,2227.569909990705,90.0,9.88135466509249,5.630743089642383,-0.06171224266819619
1638.0,92.0,2862.0728078915536,2228.4359353944897,90.0,9.880951524905193,5.630541805515779,-0.06141724557006732
1638.0,93.0,2861.5728078915536,2229.301960798274,90.0,9.880548384717894,5.630340521389176,-0.06112224847193845
1638.0,94.0,2861.0728078915536,2230.1679862020583,90.0,9.880145244530597,5.630139237262572,-0.06082725137380958
1638.0,95.0,2860.5728078915536,2231.034011605843,90.0,9.875612241069083,5.627716413617701,-0.05946554223324269
1638.0,96.0,2860.0728078915536,2231.9000370096273,90.0,9.866949374333355,5.623072050454564,-0.05703712105023742
1638.0,97.0,2859.5728078915536,2232.766062413412,90.0,9.858286507597628,5.618427687291426,-0.05460869986723215
1638.0,98.0,2859.0728078915536,2233.6320878171964,90.0,9.8496236408619,5.613783324128288,-0.05218027868422688
1638.0,99.0,2858.5728078915536,2234.4981132209805,90.0,9.84096077412617,5.609138960965151,-0.0497518575012216
1638.0,100.0,2858.0728078915536,2235.364138624765,90.0,9.83229790739044,5.604494597802013,-0.04732343631821633
1638.0,101.0,2857.5728078915536,2236.2301640285496,90.0,9.822629398063802,5.599188384867901,-0.044617442588029875
1638.0,102.0,2857.0728078915536,2237.096189432334,90.0,9.808938318373503,5.5912347728498855,-0.04080115866911779
1638.0,103.0,2856.5728078915536,2237.9622148361186,90.0,9.795247238683208,5.58328116083187,-0.03698487475020572
1638.0,104.0,2856.0728078915536,2238.8282402399027,90.0,9.781556158992913,5.5753275488138545,-0.033168590831293636
1638.0,105.0,2855.5728078915536,2239.6942656436872,90.0,9.767865079302616,5.567373936795839,-0.029352306912381557
1638.0,106.0,2855.0728078915536,2240.5602910474718,90.0,9.754173999612322,5.5594203247778236,-0.025536022993469472
1638.0,107.0,2854.5728078915536,2241.4263164512563,90.0,9.740482919922027,5.551466712759809,-0.021719739074557393
1638.0,108.0,2854.0728078915536,2242.292341855041,90.0,9.72595137384397,5.542027506898718,-0.017813199264989563
1638.0,109.0,2853.5728078915536,2243.158367258825,90.0,9.71132644261172,5.532423235055065,-0.013896631023126646
1638.0,110.0,2853.0728078915536,2244.0243926626094,90.0,9.69670151137947,5.522818963211411,-0.009980062781263727
1638.0,111.0,2852.5728078915536,2244.890418066394,90.0,9.682076580147218,5.513214691367756,-0.006063494539400802
1638.0,112.0,2852.0728078915536,2245.7564434701785,90.0,9.667451648914966,5.503610419524103,-0.002146926297537882
1638.0,113.0,2851.5728078915536,2246.6224688739626,90.0,9.652826717682716,5.494006147680448,0.0017696419443250391
1638.0,114.0,2851.0728078915536,2247.488494277747,90.0,9.636519909161395,5.4833380513287775,0.0066626351239761905
1638.0,115.0,2850.5728078915536,2248.3545196815317,90.0,9.619091849114026,5.471960738638429,0.012206578262152613
1638.0,116.0,2850.0728078915536,2249.220545085316,90.0,9.60166378906666,5.46058342594808,0.01775052140032904
1638.0,117.0,2849.5728078915536,2250.0865704891007,90.0,9.584235729019293,5.449206113257732,0.023294464538505467
1638.0,118.0,2849.0728078915536,2250.952595892885,90.0,9.566807668971926,5.437828800567383,0.028838407676681888
1638.0,119.0,2848.5728078915536,2251.8186212966693,90.0,9.549379608924557,5.426451487877034,0.03438235081485831
1638.0,120.0,2848.0728078915536,2252.684646700454,90.0,9.53068889607354,5.414490040810468,0.04085716550570053
1638.0,121.0,2847.5728078915536,2253.5506721042384,90.0,9.509051993347343,5.401165613532729,0.04950401381942815
1638.0,122.0,2847.0728078915536,2254.416697508023,90.0,9.487415090621148,5.38784118625499,0.058150862133155776
1638.0,123.0,2846.5728078915536,2255.282722911807,90.0,9.465778187894951,5.374516758977251,0.06679771044688339
1638.0,124.0,2846.0728078915536,2256.1487483155915,90.0,9.444141285168755,5.361192331699511,0.07544455876061101
1638.0,125.0,2845.5728078915536,2257.014773719376,90.0,9.422504382442558,5.347867904421772,0.08409140707433864
1638.0,126.0,2845.0728078915536,2257.8807991231606,90.0,9.400867479716359,5.334543477144033,0.09273825538806627
1638.0,127.0,2844.5728078915536,2258.746824526945,90.0,9.3769663641323,5.320242207342284,0.101647513109618
1638.0,128.0,2844.0728078915536,2259.612849930729,90.0,9.353065248548242,5.3059409375405355,0.11055677083116973
1638.0,129.0,2843.5728078915536,2260.4788753345138,90.0,9.329164132964184,5.291639667738788,0.11946602855272145
1638.0,130.0,2843.0728078915536,2261.3449007382983,90.0,9.305263017380124,5.277338397937039,0.12837528627427316
1638.0,131.0,2842.5728078915536,2262.210926142083,90.0,9.281361901796066,5.2630371281352915,0.1372845439958249
1638.0,132.0,2842.0728078915536,2263.076951545867,90.0,9.257460786212006,5.248735858333543,0.14619380171737661
1638.0,133.0,2841.5728078915536,2263.9429769496514,90.0,9.232594482633184,5.233460963468147,0.1528272097784053
1638.0,134.0,2841.0728078915536,2264.809002353436,90.0,9.207314527056605,5.217768800718332,0.15848525369921004
1638.0,135.0,2840.5728078915536,2265.6750277572205,90.0,9.182034571480026,5.202076637968516,0.16414329762001478
1638.0,136.0,2840.0728078915536,2266.541053161005,90.0,9.156754615903449,5.1863844752187,0.16980134154081952
1638.0,137.0,2839.5728078915536,2267.407078564789,90.0,9.13147466032687,5.170692312468884,0.17545938546162426
1638.0,138.0,2839.0728078915536,2268.2731039685737,90.0,9.10619470475029,5.1550001497190685,0.18111742938242903
1638.0,139.0,2838.5728078915536,2269.139129372358,90.0,9.081012642601745,5.138480210536651,0.1859974553211194
1638.0,140.0,2838.0728078915536,2270.0051547761427,90.0,9.055977420595253,5.1207186067053305,0.18971045428663874
1638.0,141.0,2837.5728078915536,2270.8711801799273,90.0,9.030942198588761,5.10295700287401,0.1934234532521581
1638.0,142.0,2837.0728078915536,2271.7372055837113,90.0,9.005906976582269,5.08519539904269,0.1971364522176775
1638.0,143.0,2836.5728078915536,2272.603230987496,90.0,8.980871754575777,5.06743379521137,0.2008494511831969
1638.0,144.0,2836.0728078915536,2273.4692563912804,90.0,8.955836532569284,5.04967219138005,0.20456245014871627
1638.0,145.0,2835.5728078915536,2274.335281795065,90.0,8.930778305292419,5.031885158635352,0.20812730009076877
1638.0,146.0,2835.0728078915536,2275.2013071988495,90.0,8.905513030582203,5.0138692656702535,0.21035880882161984
1638.0,147.0,2834.5728078915536,2276.0673326026335,90.0,8.880247755871986,4.995853372705156,0.21259031755247093
1638.0,148.0,2834.0728078915536,2276.933358006418,90.0,8.85498248116177,4.977837479740058,0.214821826283322
1638.0,149.0,2833.5728078915536,2277.7993834102026,90.0,8.829717206451555,4.959821586774961,0.2170533350141731
1638.0,150.0,2833.0728078915536,2278.665408813987,90.0,8.804451931741339,4.9418056938098625,0.2192848437450242
1638.0,151.0,2832.5728078915536,2279.5314342177717,90.0,8.779186657031122,4.923789800844764,0.22151635247587526
1638.0,152.0,2832.0728078915536,2280.3974596215558,90.0,8.754600228379251,4.9080979203915405,0.2233413099596342
1638.0,153.0,2831.5728078915536,2281.2634850253403,90.0,8.730183511241968,4.892987043066285,0.22506462963162016
1638.0,154.0,2831.0728078915536,2282.129510429125,90.0,8.705766794104683,4.8778761657410294,0.22678794930360613
1638.0,155.0,2830.5728078915536,2282.9955358329094,90.0,8.681350076967398,4.8627652884157735,0.2285112689755921
1638.0,156.0,2830.0728078915536,2283.861561236694,90.0,8.656933359830116,4.847654411090518,0.2302345886475781
1638.0,157.0,2829.5728078915536,2284.727586640478,90.0,8.632516642692831,4.8325435337652625,0.23195790831956406
1638.0,158.0,2829.0728078915536,2285.5936120442625,90.0,8.607915549078601,4.818229102195801,0.23358421747729285
1638.0,159.0,2828.5728078915536,2286.459637448047,90.0,8.583130078987425,4.804711116382134,0.2351135161207645
1638.0,160.0,2828.0728078915536,2287.3256628518316,90.0,8.558344608896249,4.791193130568468,0.2366428147642361
1638.0,161.0,2827.5728078915536,2288.191688255616,90.0,8.533559138805074,4.777675144754801,0.23817211340770778
1638.0,162.0,2827.0728078915536,2289.0577136594,90.0,8.508773668713898,4.764157158941135,0.2397014120511794
1638.0,163.0,2826.5728078915536,2289.9237390631847,90.0,8.483988198622724,4.750639173127468,0.24123071069465102
1638.0,164.0,2826.0728078915536,2290.7897644669692,90.0,8.458494590288023,4.736816426415081,0.24244398369413836
1638.0,165.0,2825.5728078915536,2291.655789870754,90.0,8.430168428979227,4.7217746361078134,0.24239315411768853
1638.0,166.0,2825.0728078915536,2292.521815274538,90.0,8.401842267670432,4.706732845800545,0.24234232454123872
1638.0,167.0,2824.5728078915536,2293.3878406783224,90.0,8.373516106361635,4.691691055493276,0.2422914949647889
1638.0,168.0,2824.0728078915536,2294.253866082107,90.0,8.345189945052839,4.6766492651860085,0.24224066538833908
1638.0,169.0,2823.5728078915536,2295.1198914858915,90.0,8.316863783744044,4.661607474878741,0.24218983581188927
1638.0,170.0,2823.0728078915536,2295.985916889676,90.0,8.288537622435248,4.646565684571473,0.2421390062354394
1638.0,171.0,2822.5728078915536,2296.85194229346,90.0,8.261922917323322,4.631550853022099,0.2393092190738328
1638.0,172.0,2822.0728078915536,2297.7179676972446,90.0,8.235498374011048,4.61653901689027,0.23617065884720906
1638.0,173.0,2821.5728078915536,2298.583993101029,90.0,8.209073830698774,4.60152718075844,0.23303209862058527
1638.0,174.0,2821.0728078915536,2299.4500185048137,90.0,8.1826492873865,4.586515344626611,0.22989353839396154
1638.0,175.0,2820.5728078915536,2300.316043908598,90.0,8.156224744074224,4.571503508494782,0.22675497816733778
1638.0,176.0,2820.0728078915536,2301.1820693123823,90.0,8.12980020076195,4.556491672362952,0.223616417940714
1638.0,177.0,2819.5728078915536,2302.048094716167,90.0,8.109367589769885,4.54302624924503,0.21747337619945206
1638.0,178.0,2819.0728078915536,2302.9141201199513,90.0,8.092929600324625,4.53059176813638,0.20932734678176484
1638.0,179.0,2818.5728078915536,2303.780145523736,90.0,8.076491610879366,4.518157287027729,0.20118131736407763
1638.0,180.0,2818.0728078915536,2304.64617092752,90.0,8.060053621434108,4.505722805919079,0.19303528794639047
1638.0,181.0,2817.5728078915536,2305.5121963313045,90.0,8.043615631988846,4.493288324810428,0.18488925852870325
1638.0,182.0,2817.0728078915536,2306.378221735089,90.0,8.027177642543586,4.4808538437017775,0.17674322911101603
1638.0,183.0,2816.5728078915536,2307.2442471388736,90.0,8.01257161207064,4.46843844620566,0.16760146624339
1638.0,184.0,2816.0728078915536,2308.110272542658,90.0,8.00224015253309,4.456067577138786,0.15613632532590782
1638.0,185.0,2815.5728078915536,2308.976297946442,90.0,7.991908692995542,4.443696708071912,0.14467118440842566
1638.0,186.0,2815.0728078915536,2309.8423233502267,90.0,7.981577233457992,4.431325839005039,0.13320604349094348
1638.0,187.0,2814.5728078915536,2310.7083487540112,90.0,7.971245773920444,4.418954969938165,0.12174090257346132
1638.0,188.0,2814.0728078915536,2311.574374157796,90.0,7.960914314382894,4.4065841008712905,0.11027576165597913
1638.0,189.0,2813.5728078915536,2312.4403995615803,90.0,7.9505828548453445,4.394213231804416,0.09881062073849714
1638.0,190.0,2813.0728078915536,2313.3064249653644,90.0,7.941392265405678,4.381313797324225,0.09365331937553595
1638.0,191.0,2812.5728078915536,2314.172450369149,90.0,7.932201675966011,4.3684143628440335,0.08849601801257477
1638.0,192.0,2812.0728078915536,2315.0384757729335,90.0,7.923011086526344,4.355514928363841,0.08333871664961359
1638.0,193.0,2811.5728078915536,2315.904501176718,90.0,7.913820497086677,4.342615493883649,0.0781814152866524
1638.0,194.0,2811.0728078915536,2316.7705265805025,90.0,7.904629907647009,4.329716059403458,0.07302411392369124
1638.0,195.0,2810.5728078915536,2317.6365519842866,90.0,7.895439318207343,4.316816624923265,0.06786681256073004
1638.0,196.0,2810.0728078915536,2318.502577388071,90.0,7.888906681083335,4.306052708430499,0.06721175178213172
1638.0,197.0,2809.5728078915536,2319.3686027918557,90.0,7.883513166380324,4.296204013932344,0.06848622268254614
1638.0,198.0,2809.0728078915536,2320.23462819564,90.0,7.878119651677314,4.286355319434188,0.06976069358296058
1638.0,199.0,2808.5728078915536,2321.1006535994247,90.0,7.872726136974304,4.276506624936032,0.071035164483375
1638.0,200.0,2808.0728078915536,2321.966679003209,90.0,7.867332622271293,4.2666579304378764,0.07230963538378943
1638.0,201.0,2807.5728078915536,2322.8327044069933,90.0,7.861939107568284,4.256809235939721,0.07358410628420387
1638.0,202.0,2807.0728078915536,2323.698729810778,90.0,7.857133323252589,4.247982173296607,0.07367253750661677
1638.0,203.0,2806.5728078915536,2324.5647552145624,90.0,7.85320913451787,4.240687558436054,0.07198190921202767
1638.0,204.0,2806.0728078915536,2325.430780618347,90.0,7.84928494578315,4.2333929435755016,0.07029128091743854
1638.0,205.0,2805.5728078915536,2326.296806022131,90.0,7.8453607570484305,4.226098328714949,0.06860065262284944
1638.0,206.0,2805.0728078915536,2327.1628314259156,90.0,7.841436568313711,4.218803713854396,0.06691002432826032
1638.0,207.0,2804.5728078915536,2328.0288568297,90.0,7.837512379578992,4.211509098993844,0.06521939603367122
1638.0,208.0,2804.0728078915536,2328.8948822334846,90.0,7.83352746754816,4.204475782701255,0.06307493003756998
1638.0,209.0,2803.5728078915536,2329.760907637269,90.0,7.828996045852332,4.199794153520343,0.056845924727859376
1638.0,210.0,2803.0728078915536,2330.6269330410532,90.0,7.8244646241565015,4.195112524339431,0.050616919418148776
1638.0,211.0,2802.5728078915536,2331.4929584448378,90.0,7.819933202460672,4.190430895158519,0.044387914108438176
1638.0,212.0,2802.0728078915536,2332.3589838486223,90.0,7.8154017807648435,4.185749265977607,0.038158908798727575
1638.0,213.0,2801.5728078915536,2333.225009252407,90.0,7.810870359069014,4.181067636796695,0.031929903489016975
1638.0,214.0,2801.0728078915536,2334.091034656191,90.0,7.806338937373185,4.176386007615783,0.02570089817930637
1638.0,215.0,2800.5728078915536,2334.9570600599754,90.0,7.803431889255048,4.1753999002719535,0.017819181767947875
1638.0,216.0,2800.0728078915536,2335.82308546376,90.0,7.800930934531333,4.175337673387394,0.009524287581177578
1638.0,217.0,2799.5728078915536,2336.6891108675445,90.0,7.798429979807619,4.175275446502834,0.0012293933944072868
1638.0,218.0,2799.0728078915536,2337.555136271329,90.0,7.795929025083904,4.175213219618274,-0.007065500792363007
1638.0,219.0,2798.5728078915536,2338.421161675113,90.0,7.793428070360189,4.175150992733714,-0.015360394979133305
1638.0,220.0,2798.0728078915536,2339.2871870788977,90.0,7.7909271156364746,4.1750887658491544,-0.0236552891659036
1638.0,221.0,2797.5728078915536,2340.153212482682,90.0,7.789313231447388,4.177224768170101,-0.030570529904921716
1638.0,222.0,2797.0728078915536,2341.0192378864667,90.0,7.788586417792929,4.181558999696553,-0.03610611719618766
1638.0,223.0,2796.5728078915536,2341.8852632902513,90.0,7.78785960413847,4.185893231223006,-0.04164170448745361
1638.0,224.0,2796.0728078915536,2342.7512886940353,90.0,7.787132790484012,4.190227462749459,-0.04717729177871956
1638.0,225.0,2795.5728078915536,2343.61731409782,90.0,7.786405976829553,4.194561694275912,-0.0527128790699855
1638.0,226.0,2795.0728078915536,2344.4833395016044,90.0,7.785679163175093,4.198895925802365,-0.05824846636125145
1638.0,227.0,2794.5728078915536,2345.349364905389,90.0,7.784940870990582,4.203544115320254,-0.06323980679012943
1638.0,228.0,2794.0728078915536,2346.215390309173,90.0,7.7841566646858595,4.209448136803892,-0.066054159769455
1638.0,229.0,2793.5728078915536,2347.0814157129576,90.0,7.783372458381137,4.215352158287528,-0.06886851274878057
1638.0,230.0,2793.0728078915536,2347.947441116742,90.0,7.782588252076414,4.221256179771166,-0.07168286572810614
1638.0,231.0,2792.5728078915536,2348.8134665205266,90.0,7.7818040457716915,4.227160201254803,-0.07449721870743171
1638.0,232.0,2792.0728078915536,2349.679491924311,90.0,7.7810198394669685,4.233064222738441,-0.07731157168675729
1638.0,233.0,2791.5728078915536,2350.5455173280952,90.0,7.7802356331622455,4.238968244222078,-0.08012592466608287
1638.0,234.0,2791.0728078915536,2351.4115427318798,90.0,7.782153472196945,4.246519002633714,-0.08298706025426418
1638.0,235.0,2790.5728078915536,2352.2775681356643,90.0,7.78437153849158,4.254252731815128,-0.08585339391009615
1638.0,236.0,2790.0728078915536,2353.143593539449,90.0,7.786589604786217,4.261986460996542,-0.08871972756592811
1638.0,237.0,2789.5728078915536,2354.0096189432334,90.0,7.788807671080852,4.269720190177956,-0.09158606122176008
1638.0,238.0,2789.0728078915536,2354.8756443470174,90.0,7.791025737375486,4.2774539193593695,-0.09445239487759202
1638.0,239.0,2788.5728078915536,2355.741669750802,90.0,7.793243803670121,4.285187648540783,-0.09731872853342399
1638.0,240.0,2788.0728078915536,2356.6076951545865,90.0,7.799053357271358,4.294200039820002,-0.09866030904918227
1638.0,241.0,2787.5728078915536,2357.473720558371,90.0,7.807257235743662,4.304064872497758,-0.09898538747155794
1638.0,242.0,2787.0728078915536,2358.3397459621556,90.0,7.815461114215966,4.3139297051755126,-0.09931046589393361
1638.0,243.0,2786.5728078915536,2359.2057713659397,90.0,7.823664992688268,4.323794537853268,-0.09963554431630928
1638.0,244.0,2786.0728078915536,2360.071796769724,90.0,7.831868871160573,4.333659370531024,-0.09996062273868496
1638.0,245.0,2785.5728078915536,2360.9378221735087,90.0,7.840072749632876,4.343524203208779,-0.10028570116106063
1638.0,246.0,2785.0728078915536,2361.8038475772933,90.0,7.848869162938733,4.3529122291640405,-0.10001946813013382
1638.0,247.0,2784.5728078915536,2362.669872981078,90.0,7.859048157522881,4.361187706100148,-0.09837350837483487
1638.0,248.0,2784.0728078915536,2363.535898384862,90.0,7.869227152107028,4.369463183036256,-0.09672754861953589
1638.0,249.0,2783.5728078915536,2364.4019237886464,90.0,7.879406146691175,4.377738659972364,-0.09508158886423693
1638.0,250.0,2783.0728078915536,2365.267949192431,90.0,7.889585141275322,4.3860141369084715,-0.09343562910893798
1638.0,251.0,2782.5728078915536,2366.1339745962155,90.0,7.899764135859469,4.394289613844579,-0.09178966935363903
1638.0,252.0,2782.0728078915536,2367.0,90.0,7.909943130443616,4.402565090780686,-0.09014370959834005
1638.0,253.0,2781.5728078915536,2367.866025403784,90.0,7.921830508764078,4.410796415446572,-0.09144171160677737
1638.0,254.0,2781.0728078915536,2368.7320508075686,90.0,7.933717887084541,4.4190277401124565,-0.09273971361521478
1638.0,255.0,2780.5728078915536,2369.598076211353,90.0,7.945605265405003,4.427259064778342,-0.09403771562365218
1638.0,256.0,2780.0728078915536,2370.4641016151377,90.0,7.957492643725465,4.435490389444227,-0.0953357176320896
1638.0,257.0,2779.5728078915536,2371.330127018922,90.0,7.969380022045928,4.443721714110112,-0.096633719640527
1638.0,258.0,2779.0728078915536,2372.1961524227063,90.0,7.981267400366391,4.451953038775997,-0.09793172164896441
1638.0,259.0,2778.5728078915536,2373.062177826491,90.0,7.997496258190427,4.462230165474906,-0.09972521716154238
1638.0,260.0,2778.0728078915536,2373.9282032302754,90.0,8.015585750087423,4.473384064473682,-0.10173106703303782
1638.0,261.0,2777.5728078915536,2374.79422863406,90.0,8.03367524198442,4.484537963472458,-0.10373691690453324
1638.0,262.0,2777.0728078915536,2375.660254037844,90.0,8.051764733881416,4.495691862471235,-0.10574276677602867
1638.0,263.0,2776.5728078915536,2376.5262794416285,90.0,8.069854225778414,4.506845761470011,-0.10774861664752408
1638.0,264.0,2776.0728078915536,2377.392304845413,90.0,8.087943717675412,4.517999660468787,-0.10975446651901952
1638.0,265.0,2775.5728078915536,2378.2583302491976,90.0,8.107142657686898,4.529078445523455,-0.11004086126285051
1638.0,266.0,2775.0728078915536,2379.124355652982,90.0,8.128005769870125,4.540044559661961,-0.10774807331518525
1638.0,267.0,2774.5728078915536,2379.990381056766,90.0,8.14886888205335,4.551010673800467,-0.10545528536752
1638.0,268.0,2774.0728078915536,2380.8564064605507,90.0,8.169731994236574,4.561976787938972,-0.10316249741985473
1638.0,269.0,2773.5728078915536,2381.7224318643352,90.0,8.1905951064198,4.572942902077478,-0.10086970947218946
1638.0,270.0,2773.0728078915536,2382.58845726812,90.0,8.211458218603026,4.5839090162159835,-0.09857692152452421
1638.0,271.0,2772.5728078915536,2383.4544826719043,90.0,8.232013067976826,4.594594078652474,-0.09604500782204776
1638.0,272.0,2772.0728078915536,2384.3205080756884,90.0,8.249793552065821,4.60274967577082,-0.09136096232626992
1638.0,273.0,2771.5728078915536,2385.186533479473,90.0,8.267574036154816,4.610905272889166,-0.08667691683049204
1638.0,274.0,2771.0728078915536,2386.0525588832575,90.0,8.28535452024381,4.619060870007512,-0.0819928713347142
1638.0,275.0,2770.5728078915536,2386.918584287042,90.0,8.303135004332805,4.627216467125859,-0.07730882583893633
1638.0,276.0,2770.0728078915536,2387.784609690826,90.0,8.3209154884218,4.635372064244205,-0.07262478034315847
1638.0,277.0,2769.5728078915536,2388.6506350946106,90.0,8.338695972510793,4.643527661362551,-0.06794073484738061
1638.0,278.0,2769.0728078915536,2389.516660498395,90.0,8.354744142981966,4.651267381244651,-0.06723468574730804
1638.0,279.0,2768.5728078915536,2390.3826859021797,90.0,8.370359235048682,4.658903131817689,-0.0675231357461617
1638.0,280.0,2768.0728078915536,2391.248711305964,90.0,8.385974327115397,4.666538882390727,-0.06781158574501536
1638.0,281.0,2767.5728078915536,2392.1147367097483,90.0,8.401589419182113,4.674174632963766,-0.06810003574386903
1638.0,282.0,2767.0728078915536,2392.980762113533,90.0,8.417204511248828,4.681810383536805,-0.06838848574272269
1638.0,283.0,2766.5728078915536,2393.8467875173174,90.0,8.432819603315544,4.689446134109843,-0.06867693574157635
1638.0,284.0,2766.0728078915536,2394.712812921102,90.0,8.450266603971064,4.698453865730543,-0.07180492996052446
1638.0,285.0,2765.5728078915536,2395.5788383248864,90.0,8.469545513215389,4.708833578398907,-0.07777246839956765
1638.0,286.0,2765.0728078915536,2396.4448637286705,90.0,8.488824422459713,4.71921329106727,-0.08374000683861085
1638.0,287.0,2764.5728078915536,2397.310889132455,90.0,8.508103331704037,4.7295930037356335,-0.08970754527765405
1638.0,288.0,2764.0728078915536,2398.1769145362396,90.0,8.527382240948361,4.739972716403997,-0.09567508371669725
1638.0,289.0,2763.5728078915536,2399.042939940024,90.0,8.546661150192685,4.75035242907236,-0.10164262215574046
1638.0,290.0,2763.0728078915536,2399.9089653438086,90.0,8.567238541318012,4.761319260403231,-0.10758575339341928
1638.0,291.0,2762.5728078915536,2400.7749907475927,90.0,8.593009859967351,4.774634566384128,-0.11343125582564055
1638.0,292.0,2762.0728078915536,2401.6410161513772,90.0,8.61878117861669,4.787949872365025,-0.11927675825786183
1638.0,293.0,2761.5728078915536,2402.507041555162,90.0,8.644552497266027,4.801265178345922,-0.1251222606900831
1638.0,294.0,2761.0728078915536,2403.3730669589463,90.0,8.670323815915367,4.814580484326819,-0.13096776312230435
1638.0,295.0,2760.5728078915536,2404.239092362731,90.0,8.696095134564706,4.827895790307716,-0.13681326555452564
1638.0,296.0,2760.0728078915536,2405.105117766515,90.0,8.721866453214043,4.841211096288613,-0.1426587679867469
1638.0,297.0,2759.5728078915536,2405.9711431702995,90.0,8.746480195511058,4.855706095330941,-0.1456960076135567
1638.0,298.0,2759.0728078915536,2406.837168574084,90.0,8.770965318213369,4.8703321713800936,-0.1484212180397651
1638.0,299.0,2758.5728078915536,2407.7031939778685,90.0,8.79545044091568,4.884958247429247,-0.1511464284659735
1638.0,300.0,2758.0728078915536,2408.569219381653,90.0,8.819935563617992,4.8995843234784004,-0.15387163889218194
1638.0,301.0,2757.5728078915536,2409.435244785437,90.0,8.844420686320303,4.914210399527554,-0.15659684931839035
1638.0,302.0,2757.0728078915536,2410.3012701892217,90.0,8.868905809022614,4.928836475576707,-0.1593220597445988
1638.0,303.0,2756.5728078915536,2411.167295593006,90.0,8.891954191124478,4.9451887063844,-0.16179788523804053
1638.0,304.0,2756.0728078915536,2412.0333209967907,90.0,8.91404474615938,4.962691707031119,-0.16410745410963778
1638.0,305.0,2755.5728078915536,2412.8993464005753,90.0,8.93613530119428,4.980194707677839,-0.166417022981235
1638.0,306.0,2755.0728078915536,2413.7653718043593,90.0,8.95822585622918,4.997697708324559,-0.16872659185283226
1638.0,307.0,2754.5728078915536,2414.631397208144,90.0,8.98031641126408,5.015200708971278,-0.1710361607244295
1638.0,308.0,2754.0728078915536,2415.4974226119284,90.0,9.002406966298983,5.032703709617997,-0.17334572959602673
1638.0,309.0,2753.5728078915536,2416.363448015713,90.0,9.024242182917066,5.0506012194653325,-0.17606046407092638
1638.0,310.0,2753.0728078915536,2417.2294734194975,90.0,9.04548160989591,5.069419250780769,-0.17972058495353146
1638.0,311.0,2752.5728078915536,2418.0954988232816,90.0,9.066721036874753,5.088237282096207,-0.18338070583613658
1638.0,312.0,2752.0728078915536,2418.961524227066,90.0,9.087960463853598,5.107055313411644,-0.1870408267187417
1638.0,313.0,2751.5728078915536,2419.8275496308506,90.0,9.109199890832443,5.125873344727081,-0.19070094760134682
1638.0,314.0,2751.0728078915536,2420.693575034635,90.0,9.130439317811287,5.144691376042519,-0.1943610684839519
1638.0,315.0,2750.5728078915536,2421.5596004384192,90.0,9.151678744790132,5.163509407357956,-0.19802118936655702
1638.0,316.0,2750.0728078915536,2422.4256258422038,90.0,9.170350743739972,5.181199005197941,-0.20252325867011375
1638.0,317.0,2749.5728078915536,2423.2916512459883,90.0,9.189022742689811,5.198888603037926,-0.20702532797367051
1638.0,318.0,2749.0728078915536,2424.157676649773,90.0,9.20769474163965,5.216578200877912,-0.2115273972772273
1638.0,319.0,2748.5728078915536,2425.0237020535574,90.0,9.22636674058949,5.234267798717896,-0.2160294665807841
1638.0,320.0,2748.0728078915536,2425.8897274573415,90.0,9.24503873953933,5.2519573965578825,-0.22053153588434088
1638.0,321.0,2747.5728078915536,2426.755752861126,90.0,9.26371073848917,5.269646994397867,-0.22503360518789764
1638.0,322.0,2747.0728078915536,2427.6217782649105,90.0,9.28197501209787,5.285833588619884,-0.22795589899931046
1638.0,323.0,2746.5728078915536,2428.487803668695,90.0,9.300064546274655,5.301376038434198,-0.2302011461712326
1638.0,324.0,2746.0728078915536,2429.353829072479,90.0,9.318154080451441,5.316918488248514,-0.23244639334315473
1638.0,325.0,2745.5728078915536,2430.2198544762637,90.0,9.336243614628225,5.3324609380628285,-0.2346916405150769
1638.0,326.0,2745.0728078915536,2431.085879880048,90.0,9.35433314880501,5.348003387877144,-0.23693688768699905
1638.0,327.0,2744.5728078915536,2431.9519052838327,90.0,9.372422682981794,5.363545837691459,-0.2391821348589212
1638.0,328.0,2744.0728078915536,2432.8179306876173,90.0,9.391446380296996,5.377308461530101,-0.24030328809346174
1638.0,329.0,2743.5728078915536,2433.6839560914013,90.0,9.411871322319817,5.388401346405231,-0.23973830042192965
1638.0,330.0,2743.0728078915536,2434.549981495186,90.0,9.43229626434264,5.399494231280361,-0.23917331275039758
1638.0,331.0,2742.5728078915536,2435.4160068989704,90.0,9.45272120636546,5.41058711615549,-0.23860832507886548
1638.0,332.0,2742.0728078915536,2436.282032302755,90.0,9.473146148388285,5.42168000103062,-0.2380433374073334
1638.0,333.0,2741.5728078915536,2437.1480577065395,90.0,9.493571090411105,5.4327728859057505,-0.23747834973580131
1638.0,334.0,2741.0728078915536,2438.0140831103236,90.0,9.514187811018862,5.443648148581209,-0.23662963982920185
1638.0,335.0,2740.5728078915536,2438.880108514108,90.0,9.536530538891032,5.452564811459627,-0.23322742980699326
1638.0,336.0,2740.0728078915536,2439.7461339178926,90.0,9.558873266763204,5.461481474338045,-0.22982521978478465
1638.0,337.0,2739.5728078915536,2440.612159321677,90.0,9.581215994635372,5.470398137216462,-0.22642300976257607
1638.0,338.0,2739.0728078915536,2441.4781847254617,90.0,9.603558722507543,5.47931480009488,-0.22302079974036748
1638.0,339.0,2738.5728078915536,2442.3442101292458,90.0,9.625901450379713,5.488231462973298,-0.2196185897181589
1638.0,340.0,2738.0728078915536,2443.2102355330303,90.0,9.648244178251884,5.497148125851715,-0.21621637969595028
1638.0,341.0,2737.5728078915536,2444.076260936815,90.0,9.670902631120596,5.507750078132532,-0.21269541802851852
1638.0,342.0,2737.0728078915536,2444.9422863405994,90.0,9.693640015238445,5.518773352763949,-0.20914476844978097
1638.0,343.0,2736.5728078915536,2445.808311744384,90.0,9.716377399356292,5.529796627395365,-0.2055941188710434
1638.0,344.0,2736.0728078915536,2446.674337148168,90.0,9.73911478347414,5.540819902026781,-0.20204346929230582
1638.0,345.0,2735.5728078915536,2447.5403625519525,90.0,9.761852167591988,5.551843176658199,-0.19849281971356827
1638.0,346.0,2735.0728078915536,2448.406387955737,90.0,9.784589551709836,5.562866451289615,-0.1949421701348307
1638.0,347.0,2734.5728078915536,2449.2724133595216,90.0,9.807667210846695,5.5754287633289445,-0.19290346665803515
1638.0,348.0,2734.0728078915536,2450.138438763306,90.0,9.831085145002568,5.589530112776188,-0.19237670928318223
1638.0,349.0,2733.5728078915536,2451.00446416709,90.0,9.854503079158437,5.603631462223431,-0.19184995190832932
1638.0,350.0,2733.0728078915536,2451.8704895708747,90.0,9.877921013314308,5.617732811670675,-0.1913231945334764
1638.0,351.0,2732.5728078915536,2452.7365149746593,90.0,9.90133894747018,5.631834161117918,-0.1907964371586235
1638.0,352.0,2732.0728078915536,2453.602540378444,90.0,9.92475688162605,5.645935510565161,-0.19026967978377057
1638.0,353.0,2731.5728078915536,2454.4685657822283,90.0,9.948895276341682,5.660440788139426,-0.1902467391475873
1638.0,354.0,2731.0728078915536,2455.3345911860124,90.0,9.975915513296357,5.676561778221776,-0.19223906546608405
1638.0,355.0,2730.5728078915536,2456.200616589797,90.0,10.002935750251034,5.6926827683041274,-0.19423139178458082
1638.0,356.0,2730.0728078915536,2457.0666419935815,90.0,10.02995598720571,5.708803758386478,-0.1962237181030776
1638.0,357.0,2729.5728078915536,2457.932667397366,90.0,10.056976224160387,5.724924748468828,-0.19821604442157434
1638.0,358.0,2729.0728078915536,2458.7986928011505,90.0,10.083996461115062,5.741045738551179,-0.20020837074007108
1638.0,359.0,2728.5728078915536,2459.6647182049346,90.0,10.111016698069736,5.75716672863353,-0.20220069705856789
1638.0,360.0,2728.0728078915536,2460.530743608719,90.0,10.13929323060703,5.772369824061798,-0.20379254877167466
1638.0,361.0,2727.5728078915536,2461.3967690125037,90.0,10.167709351542394,5.787470931195168,-0.20533990330640475
1638.0,362.0,2727.0728078915536,2462.262794416288,90.0,10.196125472477757,5.802572038328538,-0.20688725784113482
1638.0,363.0,2726.5728078915536,2463.1288198200723,90.0,10.22454159341312,5.8176731454619075,-0.2084346123758649
1638.0,364.0,2726.0728078915536,2463.994845223857,90.0,10.252957714348483,5.832774252595277,-0.209981966910595
1638.0,365.0,2725.5728078915536,2464.8608706276414,90.0,10.281373835283846,5.847875359728648,-0.2115293214453251
1638.0,366.0,2725.0728078915536,2465.726896031426,90.0,10.307488126091261,5.8606816257179615,-0.21330495813416842
1638.0,367.0,2724.5728078915536,2466.5929214352104,90.0,10.332067863480045,5.871957997611236,-0.215232782925754
1638.0,368.0,2724.0728078915536,2467.4589468389945,90.0,10.356647600868829,5.883234369504512,-0.21716060771733958
1638.0,369.0,2723.5728078915536,2468.324972242779,90.0,10.381227338257613,5.894510741397787,-0.21908843250892518
1638.0,370.0,2723.0728078915536,2469.1909976465636,90.0,10.405807075646397,5.905787113291062,-0.22101625730051075
1638.0,371.0,2722.5728078915536,2470.057023050348,90.0,10.430386813035181,5.917063485184338,-0.22294408209209635
1638.0,372.0,2722.0728078915536,2470.923048454132,90.0,10.452982437561266,5.927098764885535,-0.22477867253300285
1638.0,373.0,2721.5728078915536,2471.7890738579167,90.0,10.470948465407716,5.934238162805218,-0.2263957161556581
1638.0,374.0,2721.0728078915536,2472.6550992617013,90.0,10.488914493254164,5.9413775607249,-0.2280127597783133
1638.0,375.0,2720.5728078915536,2473.521124665486,90.0,10.506880521100614,5.948516958644582,-0.22962980340096853
1638.0,376.0,2720.0728078915536,2474.3871500692703,90.0,10.524846548947064,5.955656356564265,-0.23124684702362377
1638.0,377.0,2719.5728078915536,2475.2531754730544,90.0,10.542812576793514,5.962795754483947,-0.232863890646279
1638.0,378.0,2719.0728078915536,2476.119200876839,90.0,10.560778604639964,5.96993515240363,-0.23448093426893413
1638.0,379.0,2718.5728078915536,2476.9852262806235,90.0,10.57222299814552,5.974477356961663,-0.23450969936778066
1638.0,380.0,2718.0728078915536,2477.851251684408,90.0,10.583667391651076,5.979019561519698,-0.23453846446662724
1638.0,381.0,2717.5728078915536,2478.7172770881925,90.0,10.595111785156632,5.983561766077732,-0.23456722956547377
1638.0,382.0,2717.0728078915536,2479.5833024919766,90.0,10.606556178662188,5.988103970635766,-0.2345959946643203
1638.0,383.0,2716.5728078915536,2480.449327895761,90.0,10.618000572167745,5.9926461751938005,-0.23462475976316682
1638.0,384.0,2716.0728078915536,2481.3153532995457,90.0,10.6294449656733,5.997188379751835,-0.23465352486201338
1638.0,385.0,2715.5728078915536,2482.18137870333,90.0,10.63692347181367,6.0004478388518905,-0.23380288681986341
1638.0,386.0,2715.0728078915536,2483.0474041071147,90.0,10.642702311940393,6.003157549898525,-0.23257536171728646
1638.0,387.0,2714.5728078915536,2483.913429510899,90.0,10.648481152067113,6.005867260945161,-0.2313478366147095
1638.0,388.0,2714.0728078915536,2484.7794549146834,90.0,10.654259992193834,6.008576971991797,-0.23012031151213252
1638.0,389.0,2713.5728078915536,2485.645480318468,90.0,10.660038832320556,6.011286683038431,-0.22889278640955557
1638.0,390.0,2713.0728078915536,2486.5115057222524,90.0,10.665817672447275,6.013996394085067,-0.22766526130697862
1638.0,391.0,2712.5728078915536,2487.377531126037,90.0,10.670036069902517,6.01607608027153,-0.22642367571310523
1638.0,392.0,2712.0728078915536,2488.243556529821,90.0,10.671913803350538,6.017210729167733,-0.22516099938228723
1638.0,393.0,2711.5728078915536,2489.1095819336056,90.0,10.673791536798563,6.018345378063936,-0.22389832305146928
1638.0,394.0,2711.0728078915536,2489.97560733739,90.0,10.675669270246585,6.01948002696014,-0.2226356467206513
1638.0,395.0,2710.5728078915536,2490.8416327411746,90.0,10.677547003694608,6.020614675856343,-0.2213729703898333
1638.0,396.0,2710.0728078915536,2491.707658144959,90.0,10.67942473714263,6.0217493247525455,-0.22011029405901533
1638.0,397.0,2709.5728078915536,2492.5736835487432,90.0,10.681003967634,6.022702262814111,-0.21875756489693016
1638.0,398.0,2709.0728078915536,2493.439708952528,90.0,10.679896671515479,6.022019803363936,-0.21659436025344023
1638.0,399.0,2708.5728078915536,2494.3057343563123,90.0,10.678789375396956,6.0213373439137605,-0.21443115560995035
1638.0,400.0,2708.0728078915536,2495.171759760097,90.0,10.677682079278435,6.020654884463586,-0.21226795096646045
1638.0,401.0,2707.5728078915536,2496.0377851638814,90.0,10.676574783159914,6.019972425013411,-0.21010474632297055
1638.0,402.0,2707.0728078915536,2496.9038105676655,90.0,10.675467487041393,6.019289965563236,-0.20794154167948065
1638.0,403.0,2706.5728078915536,2497.76983597145,90.0,10.674360190922872,6.018607506113061,-0.20577833703599077
1638.0,404.0,2706.0728078915536,2498.6358613752345,90.0,10.671840817506473,6.017546091773035,-0.20268741560092937
1638.0,405.0,2705.5728078915536,2499.501886779019,90.0,10.668968424765602,6.016389938710545,-0.19936456496797522
1638.0,406.0,2705.0728078915536,2500.3679121828036,90.0,10.666096032024733,6.015233785648057,-0.1960417143350211
1638.0,407.0,2704.5728078915536,2501.2339375865877,90.0,10.663223639283864,6.014077632585567,-0.19271886370206692
1638.0,408.0,2704.0728078915536,2502.099962990372,90.0,10.660351246542993,6.0129214795230785,-0.18939601306911277
1638.0,409.0,2703.5728078915536,2502.9659883941567,90.0,10.657478853802123,6.011765326460589,-0.18607316243615865
1638.0,410.0,2703.0728078915536,2503.8320137979413,90.0,10.655030625662164,6.01129914696476,-0.18325157568767375
1638.0,411.0,2702.5728078915536,2504.6980392017254,90.0,10.653006562123112,6.011522941035588,-0.180931252823658
1638.0,412.0,2702.0728078915536,2505.56406460551,90.0,10.65098249858406,6.011746735106419,-0.17861092995964226
1638.0,413.0,2701.5728078915536,2506.4300900092944,90.0,10.64895843504501,6.011970529177249,-0.17629060709562652
1638.0,414.0,2701.0728078915536,2507.296115413079,90.0,10.64693437150596,6.012194323248078,-0.17397028423161076
1638.0,415.0,2700.5728078915536,2508.1621408168635,90.0,10.64491030796691,6.012418117318908,-0.171649961367595
1638.0,416.0,2700.0728078915536,2509.0281662206476,90.0,10.64325353346668,6.012919644618208,-0.16970918541233812
1638.0,417.0,2699.5728078915536,2509.894191624432,90.0,10.643065915121745,6.014532104831385,-0.16928659709211666
1638.0,418.0,2699.0728078915536,2510.7602170282166,90.0,10.642878296776807,6.016144565044563,-0.16886400877189517
1638.0,419.0,2698.5728078915536,2511.626242432001,90.0,10.642690678431872,6.01775702525774,-0.16844142045167373
1638.0,420.0,2698.0728078915536,2512.4922678357852,90.0,10.642503060086936,6.019369485470918,-0.16801883213145224
1638.0,421.0,2697.5728078915536,2513.35829323957,90.0,10.642315441742,6.020981945684095,-0.1675962438112308
1638.0,422.0,2697.0728078915536,2514.2243186433543,90.0,10.642127823397065,6.022594405897273,-0.16717365549100935
1638.0,423.0,2696.5728078915536,2515.090344047139,90.0,10.643122345376561,6.024891685181467,-0.16752860508506714
1638.0,424.0,2696.0728078915536,2515.9563694509234,90.0,10.644248216280992,6.027265055473552,-0.16796994778071148
1638.0,425.0,2695.5728078915536,2516.8223948547075,90.0,10.645374087185427,6.029638425765638,-0.1684112904763558
1638.0,426.0,2695.0728078915536,2517.688420258492,90.0,10.646499958089862,6.0320117960577235,-0.16885263317200017
1638.0,427.0,2694.5728078915536,2518.5544456622765,90.0,10.647625828994295,6.034385166349808,-0.1692939758676445
1638.0,428.0,2694.0728078915536,2519.420471066061,90.0,10.648751699898728,6.036758536641893,-0.16973531856328886
1638.0,429.0,2693.5728078915536,2520.2864964698456,90.0,10.649541059654902,6.03891979410692,-0.16948669872483924
1638.0,430.0,2693.0728078915536,2521.1525218736297,90.0,10.650106078645571,6.0409396430205735,-0.16877810386366043
1638.0,431.0,2692.5728078915536,2522.018547277414,90.0,10.650671097636238,6.042959491934227,-0.1680695090024816
1638.0,432.0,2692.0728078915536,2522.8845726811987,90.0,10.651236116626905,6.04497934084788,-0.16736091414130277
1638.0,433.0,2691.5728078915536,2523.7505980849833,90.0,10.651801135617571,6.046999189761533,-0.16665231928012395
1638.0,434.0,2691.0728078915536,2524.616623488768,90.0,10.65236615460824,6.049019038675187,-0.16594372441894512
1638.0,435.0,2690.5728078915536,2525.482648892552,90.0,10.652397069864612,6.05050023958198,-0.1651632337294329
1638.0,436.0,2690.0728078915536,2526.3486742963364,90.0,10.651181743074307,6.050724595139431,-0.16421498610714266
1638.0,437.0,2689.5728078915536,2527.214699700121,90.0,10.649966416283998,6.050948950696881,-0.16326673848485243
1638.0,438.0,2689.0728078915536,2528.0807251039055,90.0,10.648751089493691,6.0511733062543325,-0.16231849086256223
1638.0,439.0,2688.5728078915536,2528.94675050769,90.0,10.647535762703384,6.051397661811784,-0.16137024324027202
1638.0,440.0,2688.0728078915536,2529.812775911474,90.0,10.646320435913077,6.051622017369235,-0.16042199561798182
1638.0,441.0,2687.5728078915536,2530.6788013152586,90.0,10.64510510912277,6.051846372926686,-0.1594737479956916
1638.0,442.0,2687.0728078915536,2531.544826719043,90.0,10.641892255791198,6.04983946196549,-0.1603819618570691
1638.0,443.0,2686.5728078915536,2532.4108521228277,90.0,10.638679402459625,6.047832551004294,-0.16129017571844656
1638.0,444.0,2686.0728078915536,2533.276877526612,90.0,10.63546654912805,6.045825640043097,-0.16219838957982402
1638.0,445.0,2685.5728078915536,2534.1429029303963,90.0,10.632253695796477,6.0438187290819005,-0.16310660344120148
1638.0,446.0,2685.0728078915536,2535.008928334181,90.0,10.629040842464905,6.041811818120705,-0.16401481730257894
1638.0,447.0,2684.5728078915536,2535.8749537379654,90.0,10.625827989133333,6.039804907159509,-0.1649230311639564
1638.0,448.0,2684.0728078915536,2536.74097914175,90.0,10.621563837553133,6.037385414164794,-0.16642676653417893
1638.0,449.0,2683.5728078915536,2537.6070045455344,90.0,10.616849129580665,6.0347891002985685,-0.16818572540819202
1638.0,450.0,2683.0728078915536,2538.4730299493185,90.0,10.612134421608197,6.0321927864323435,-0.1699446842822051
1638.0,451.0,2682.5728078915536,2539.339055353103,90.0,10.607419713635728,6.029596472566119,-0.1717036431562182
1638.0,452.0,2682.0728078915536,2540.2050807568876,90.0,10.602705005663262,6.027000158699894,-0.17346260203023128
1638.0,453.0,2681.5728078915536,2541.071106160672,90.0,10.597990297690794,6.02440384483367,-0.17522156090424437
1638.0,454.0,2681.0728078915536,2541.9371315644566,90.0,10.593089038565928,6.022090424736438,-0.17667826695373234
1638.0,455.0,2680.5728078915536,2542.8031569682407,90.0,10.587907952712465,6.0202013452927,-0.17768159376643278
1638.0,456.0,2680.0728078915536,2543.6691823720253,90.0,10.582726866859002,6.0183122658489605,-0.17868492057913316
1638.0,457.0,2679.5728078915536,2544.53520777581,90.0,10.577545781005536,6.01642318640522,-0.1796882473918336
1638.0,458.0,2679.0728078915536,2545.4012331795943,90.0,10.572364695152073,6.014534106961481,-0.18069157420453397
1638.0,459.0,2678.5728078915536,2546.2672585833784,90.0,10.56718360929861,6.012645027517741,-0.18169490101723437
1638.0,460.0,2678.0728078915536,2547.133283987163,90.0,10.562029922260946,6.0108266045008225,-0.1824182165818794
1638.0,461.0,2677.5728078915536,2547.9993093909475,90.0,10.557122824565491,6.009644089325288,-0.18062143091402516
1638.0,462.0,2677.0728078915536,2548.865334794732,90.0,10.552215726870037,6.008461574149754,-0.17882464524617092
1638.0,463.0,2676.5728078915536,2549.7313601985165,90.0,10.54730862917458,6.007279058974219,-0.17702785957831668
1638.0,464.0,2676.0728078915536,2550.5973856023006,90.0,10.542401531479126,6.006096543798685,-0.17523107391046244
1638.0,465.0,2675.5728078915536,2551.463411006085,90.0,10.537494433783671,6.00491402862315,-0.1734342882426082
1638.0,466.0,2675.0728078915536,2552.3294364098697,90.0,10.532587336088215,6.003731513447616,-0.17163750257475396
1638.0,467.0,2674.5728078915536,2553.195461813654,90.0,10.52766044906633,6.002735973105039,-0.16814733397876025
1638.0,468.0,2674.0728078915536,2554.0614872174383,90.0,10.522728614712838,6.0017871764707005,-0.16423381965073183
1638.0,469.0,2673.5728078915536,2554.927512621223,90.0,10.517796780359348,6.000838379836363,-0.16032030532270342
1638.0,470.0,2673.0728078915536,2555.7935380250074,90.0,10.512864946005855,5.999889583202025,-0.15640679099467497
1638.0,471.0,2672.5728078915536,2556.659563428792,90.0,10.507933111652363,5.998940786567687,-0.15249327666664658
1638.0,472.0,2672.0728078915536,2557.5255888325764,90.0,10.503001277298871,5.9979919899333485,-0.14857976233861814
1638.0,473.0,2671.5728078915536,2558.3916142363605,90.0,10.497453903188688,5.997021992662839,-0.14524179891280653
1638.0,474.0,2671.0728078915536,2559.257639640145,90.0,10.491290989321817,5.99603079475616,-0.14247938638921176
1638.0,475.0,2670.5728078915536,2560.1236650439296,90.0,10.485128075454945,5.995039596849479,-0.139716973865617
1638.0,476.0,2670.0728078915536,2560.989690447714,90.0,10.478965161588071,5.994048398942798,-0.13695456134202222
1638.0,477.0,2669.5728078915536,2561.8557158514986,90.0,10.472802247721198,5.993057201036119,-0.13419214881842742
1638.0,478.0,2669.0728078915536,2562.7217412552827,90.0,10.466639333854326,5.992066003129438,-0.13142973629483265
1638.0,479.0,2668.5728078915536,2563.5877666590673,90.0,10.460091270172825,5.990989420204383,-0.12922764036993167
1638.0,480.0,2668.0728078915536,2564.453792062852,90.0,10.452002607232805,5.9895712972058295,-0.12926681083980535
1638.0,481.0,2667.5728078915536,2565.3198174666363,90.0,10.443913944292785,5.988153174207275,-0.129305981309679
1638.0,482.0,2667.0728078915536,2566.185842870421,90.0,10.435825281352763,5.98673505120872,-0.12934515177955264
1638.0,483.0,2666.5728078915536,2567.051868274205,90.0,10.427736618412743,5.985316928210167,-0.1293843222494263
1638.0,484.0,2666.0728078915536,2567.9178936779895,90.0,10.419647955472723,5.983898805211612,-0.12942349271929995
1638.0,485.0,2665.5728078915536,2568.783919081774,90.0,10.4115592925327,5.982480682213057,-0.1294626631891736
1638.0,486.0,2665.0728078915536,2569.6499444855585,90.0,10.403929764222696,5.981143607743333,-0.13193178975355177
1638.0,487.0,2664.5728078915536,2570.515969889343,90.0,10.396351250871579,5.979815538665701,-0.13467091143954163
1638.0,488.0,2664.0728078915536,2571.381995293127,90.0,10.388772737520465,5.978487469588069,-0.13741003312553146
1638.0,489.0,2663.5728078915536,2572.2480206969117,90.0,10.381194224169349,5.977159400510437,-0.14014915481152132
1638.0,490.0,2663.0728078915536,2573.114046100696,90.0,10.373615710818232,5.975831331432804,-0.14288827649751118
1638.0,491.0,2662.5728078915536,2573.9800715044807,90.0,10.366037197467115,5.974503262355173,-0.145627398183501
1638.0,492.0,2662.0728078915536,2574.8460969082653,90.0,10.359906389508767,5.973420306416415,-0.14880046307802902
1638.0,493.0,2661.5728078915536,2575.7121223120494,90.0,10.354740718478926,5.972500759236908,-0.15226282344491576
1638.0,494.0,2661.0728078915536,2576.578147715834,90.0,10.349575047449086,5.9715812120574014,-0.1557251838118025
1638.0,495.0,2660.5728078915536,2577.4441731196184,90.0,10.344409376419245,5.970661664877895,-0.15918754417868927
1638.0,496.0,2660.0728078915536,2578.310198523403,90.0,10.339243705389405,5.969742117698387,-0.16264990454557604
1638.0,497.0,2659.5728078915536,2579.1762239271875,90.0,10.334078034359566,5.96882257051888,-0.16611226491246278
1638.0,498.0,2659.0728078915536,2580.0422493309716,90.0,10.329027244440883,5.9677916635256425,-0.16905153305798104
1638.0,499.0,2658.5728078915536,2580.908274734756,90.0,10.324244510448235,5.966500916967033,-0.17077025268697282
1638.0,500.0,2658.0728078915536,2581.7743001385406,90.0,10.319461776455588,5.965210170408423,-0.1724889723159646
1638.0,501.0,2657.5728078915536,2582.640325542325,90.0,10.31467904246294,5.963919423849813,-0.17420769194495642
1638.0,502.0,2657.0728078915536,2583.5063509461097,90.0,10.309896308470291,5.962628677291204,-0.1759264115739482
1638.0,503.0,2656.5728078915536,2584.372376349894,90.0,10.305113574477645,5.9613379307325935,-0.17764513120293998
1638.0,504.0,2656.0728078915536,2585.2384017536783,90.0,10.300330840484996,5.960047184173984,-0.1793638508319318
