a1,a2,x,y,z,velocityx_avg,velocityy_avg,velocityz_avg,uu_avg,uv_avg,uw_avg,vv_avg,vw_avg,ww_avg
1134.0,1.0,2345.5960043841965,2115.0,2.8000000000000114,5.0448063993704935,2.5297562925809047,-0.0052949672848973915,1.3689409306912181,0.3803251317767747,-0.03593641853088021,0.5565235516502296,-0.035142015472078146,0.05501898991794473
1134.0,2.0,2345.5960043841965,2115.0,3.8000000000000114,5.375623786889781,2.702129810029492,0.0006040133261925048,1.3594817144195475,0.34715069340513843,-0.045451357824511554,0.5794965534855958,-0.04219023309058559,0.08773613829161911
1134.0,3.0,2345.5960043841965,2115.0,4.800000000000011,5.706441174409068,2.8745033274780796,0.006502993937282401,1.350022498147877,0.31397625503350207,-0.0549662971181429,0.6024695553209621,-0.049238450709093017,0.12045328666529351
1134.0,4.0,2345.5960043841965,2115.0,5.800000000000011,6.037258561928356,3.0468768449266665,0.012401974548372297,1.3405632818762065,0.2808018166618658,-0.06448123641177424,0.6254425571563285,-0.05628666832760047,0.15317043503896788
1134.0,5.0,2345.5960043841965,2115.0,6.800000000000011,6.368075949447643,3.2192503623752544,0.018300955159462194,1.3311040656045363,0.2476273782902295,-0.0739961757054056,0.6484155589916947,-0.06333488594610791,0.18588758341264228
1134.0,6.0,2345.5960043841965,2115.0,7.800000000000011,6.698893336966931,3.391623879823842,0.02419993577055209,1.3216448493328656,0.2144529399185932,-0.08351111499903693,0.6713885608270609,-0.07038310356461533,0.21860473178631668
1134.0,7.0,2345.5960043841965,2115.0,8.800000000000011,6.853249118151471,3.4803107035938874,0.03331945327498811,1.3186423225139086,0.18881638165223052,-0.08574172870542036,0.6900950756635662,-0.07591352710734861,0.2484859709143748
1134.0,8.0,2345.5960043841965,2115.0,9.800000000000011,6.931978496621117,3.5331318015017024,0.043819200876572484,1.318406948317543,0.16641034343098512,-0.08485048858869755,0.7069730960719883,-0.0807934674747501,0.27715182036574026
1134.0,9.0,2345.5960043841965,2115.0,10.800000000000011,7.010707875090763,3.585952899409516,0.05431894847815686,1.3181715741211772,0.14400430520973975,-0.08395924847197471,0.7238511164804103,-0.08567340784215155,0.3058176698171058
1134.0,10.0,2345.5960043841965,2115.0,11.800000000000011,7.08943725356041,3.638773997317331,0.06481869607974122,1.3179361999248118,0.12159826698849435,-0.0830680083552519,0.7407291368888324,-0.09055334820955303,0.3344835192684712
1134.0,11.0,2345.5960043841965,2115.0,12.800000000000011,7.168166632030057,3.6915950952251455,0.0753184436813256,1.317700825728446,0.09919222876724898,-0.08217676823852907,0.7576071572972545,-0.0954332885769545,0.36314936871983666
1134.0,12.0,2345.5960043841965,2115.0,13.800000000000011,7.246896010499704,3.7444161931329596,0.08581819128290996,1.3174654515320803,0.07678619054600358,-0.08128552812180624,0.7744851777056765,-0.10031322894435597,0.3918152181712021
1134.0,13.0,2345.5960043841965,2115.0,14.800000000000011,7.297470721611346,3.780190500044525,0.09396368538131158,1.3252379836134391,0.06368563788487686,-0.07684786355337508,0.7857069746873847,-0.09892848271970626,0.4152665098698271
1134.0,14.0,2345.5960043841965,2115.0,15.800000000000011,7.305813431685985,3.7903946204617154,0.09857779922493903,1.3450223751113846,0.06454331356392813,-0.0670905623073814,0.788444436529023,-0.08814670660697976,0.4308959649393415
1134.0,15.0,2345.5960043841965,2115.0,16.80000000000001,7.314156141760623,3.8005987408789075,0.10319191306856647,1.3648067666093295,0.0654009892429794,-0.05733326106138772,0.7911818983706608,-0.07736493049425329,0.4465254200088559
1134.0,16.0,2345.5960043841965,2115.0,17.80000000000001,7.322498851835262,3.810802861296099,0.10780602691219393,1.3845911581072747,0.06625866492203067,-0.04757595981539405,0.7939193602122986,-0.06658315438152682,0.4621548750783703
1134.0,17.0,2345.5960043841965,2115.0,18.80000000000001,7.3308415619099,3.82100698171329,0.11242014075582138,1.40437554960522,0.06711634060108194,-0.03781865856940038,0.7966568220539365,-0.05580137826880033,0.4777843301478847
1134.0,18.0,2345.5960043841965,2115.0,19.80000000000001,7.339184271984539,3.8312111021304815,0.11703425459944883,1.4241599411031653,0.0679740162801332,-0.028061357323406703,0.7993942838955745,-0.045019602156073854,0.49341378521739904
1134.0,19.0,2345.5960043841965,2115.0,20.80000000000001,7.346061601213115,3.8395499511319153,0.12149270069122878,1.4416109820888765,0.06827244321616638,-0.018352921503985507,0.800083866466377,-0.03387541500546467,0.5090781869538317
1134.0,20.0,2345.5960043841965,2115.0,21.80000000000001,7.339750502827133,3.8311013573915362,0.12455013701638122,1.4380618684644855,0.06353763146503678,-0.009084274523716587,0.7823425355996604,-0.019469528513911236,0.5250571086925293
1134.0,21.0,2345.5960043841965,2115.0,22.80000000000001,7.333439404441152,3.8226527636511585,0.12760757334153372,1.4345127548400947,0.0588028197139072,0.00018437245655232202,0.7646012047329439,-0.005063642022357808,0.5410360304312269
1134.0,22.0,2345.5960043841965,2115.0,23.80000000000001,7.327128306055169,3.8142041699107794,0.13066500966668615,1.4309636412157032,0.0540680079627776,0.00945301943682124,0.7468598738662273,0.009342244469195625,0.5570149521699245
1134.0,23.0,2345.5960043841965,2115.0,24.80000000000001,7.3208172076691875,3.805755576170401,0.1337224459918386,1.4274145275913122,0.04933319621164801,0.018721666417090145,0.729118542999511,0.023748130960749046,0.5729938739086222
1134.0,24.0,2345.5960043841965,2115.0,25.80000000000001,7.314506109283206,3.797306982430022,0.1367798823169911,1.423865413966921,0.04459838446051841,0.02799031339735906,0.7113772121327943,0.038154017452302486,0.5889727956473199
1134.0,25.0,2345.5960043841965,2115.0,26.80000000000001,7.308195010897224,3.788858388689644,0.13983731864214352,1.4203163003425299,0.039863572709388825,0.03725896037762798,0.6936358812660778,0.052559903943855915,0.6049517173860175
1134.0,26.0,2345.5960043841965,2115.0,27.80000000000001,7.299961305922141,3.779791114653573,0.141074490777195,1.4164650310510505,0.039381388416816765,0.04687814027873815,0.6844411865650853,0.07063406228256708,0.6197921977768701
1134.0,27.0,2345.5960043841965,2115.0,28.80000000000001,7.291246949299785,3.7705691705435798,0.1418565968647212,1.4125382228427987,0.03996236098888409,0.05658495341005865,0.677383150905524,0.08962528858306772,0.6343480678307616
1134.0,28.0,2345.5960043841965,2115.0,29.80000000000001,7.282532592677426,3.761347226433586,0.14263870295224743,1.4086114146345474,0.040543333560951404,0.06629176654137914,0.6703251152459625,0.10861651488356834,0.648903937884653
1134.0,29.0,2345.5960043841965,2115.0,30.80000000000001,7.273818236055069,3.752125282323592,0.14342080903977364,1.4046846064262963,0.04112430613301872,0.07599857967269964,0.6632670795864011,0.12760774118406892,0.6634598079385443
1134.0,30.0,2345.5960043841965,2115.0,31.80000000000001,7.265103879432712,3.742903338213598,0.14420291512729985,1.4007577982180446,0.04170527870508603,0.08570539280402013,0.6562090439268397,0.14659896748456958,0.6780156779924357
1134.0,31.0,2345.5960043841965,2115.0,32.80000000000001,7.256389522810355,3.7336813941036042,0.14498502121482607,1.396830990009793,0.04228625127715335,0.09541220593534062,0.6491510082672781,0.16559019378507017,0.6925715480463273
1134.0,32.0,2345.5960043841965,2115.0,33.80000000000001,7.2478733641111805,3.722285602904726,0.14295280116325748,1.4104487771053844,0.05162211918933432,0.10299029609513427,0.6458707838994553,0.17977460799783732,0.7035864597625562
1134.0,33.0,2345.5960043841965,2115.0,34.80000000000001,7.23955540333519,3.7087159646169625,0.13810625497259418,1.4416111595048187,0.06971288244162893,0.10843966328340106,0.6463683708233706,0.189152210122871,0.7110604131411231
1134.0,34.0,2345.5960043841965,2115.0,35.80000000000001,7.231237442559198,3.6951463263291986,0.13325970878193086,1.4727735419042525,0.08780364569392356,0.11388903047166787,0.6468659577472863,0.19852981224790464,0.7185343665196897
1134.0,35.0,2345.5960043841965,2115.0,36.80000000000001,7.222919481783205,3.6815766880414356,0.12841316259126753,1.5039359243036863,0.10589440894621817,0.11933839765993466,0.6473635446712017,0.20790741437293828,0.7260083198982564
1134.0,36.0,2345.5960043841965,2115.0,37.80000000000001,7.214601521007214,3.6680070497536716,0.12356661640060422,1.53509830670312,0.12398517219851278,0.12478776484820148,0.6478611315951172,0.21728501649797197,0.7334822732768231
1134.0,37.0,2345.5960043841965,2115.0,38.80000000000001,7.206283560231224,3.654437411465908,0.11872007020994088,1.566260689102554,0.14207593545080738,0.13023713203646825,0.6483587185190326,0.2266626186230056,0.7409562266553897
1134.0,38.0,2345.5960043841965,2115.0,39.80000000000001,7.196544498949402,3.6397207840027064,0.11327469924207516,1.5893260144921848,0.15849729708260704,0.13407447338975953,0.6525473249718333,0.2343897735300807,0.7487628885316138
1134.0,39.0,2345.5960043841965,2115.0,40.80000000000001,7.181121035644257,3.6204161998377535,0.10543402916539983,1.5800031118426021,0.1682410522324269,0.13146371140314866,0.6715000095401746,0.23551513956532166,0.7579003843984664
1134.0,40.0,2345.5960043841965,2115.0,41.80000000000001,7.165697572339114,3.6011116156727994,0.0975933590887245,1.57068020919302,0.1779848073822468,0.12885294941653785,0.6904526941085158,0.23664050560056257,0.7670378802653193
1134.0,41.0,2345.5960043841965,2115.0,42.80000000000001,7.15027410903397,3.5818070315078465,0.08975268901204918,1.5613573065434374,0.18772856253206668,0.12624218742992696,0.709405378676857,0.2377658716358035,0.776175376132172
1134.0,42.0,2345.5960043841965,2115.0,43.80000000000001,7.134850645728826,3.5625024473428923,0.08191201893537385,1.5520344038938552,0.1974723176818866,0.12363142544331614,0.7283580632451985,0.23889123767104448,0.7853128719990249
1134.0,43.0,2345.5960043841965,2115.0,44.80000000000001,7.119427182423681,3.5431978631779395,0.07407134885869852,1.5427115012442725,0.20721607283170648,0.12102066345670529,0.7473107478135397,0.2400166037062854,0.7944503678658777
1134.0,44.0,2345.5960043841965,2115.0,45.80000000000001,7.104003719118538,3.5238932790129853,0.0662306787820232,1.5333885985946902,0.21695982798152638,0.11840990147009445,0.766263432381881,0.24114196974152635,0.8035878637327304
1134.0,45.0,2345.5960043841965,2115.0,46.80000000000001,7.089284155157181,3.512827937614384,0.05950318320449613,1.5443440135423265,0.21584394273785423,0.12282839153805233,0.7909000034151747,0.2434911044766731,0.8180011542354078
1134.0,46.0,2345.5960043841965,2115.0,47.80000000000001,7.0746428022340195,3.5026780676342653,0.052899373682429994,1.5575525748896542,0.213521430783794,0.1280279096120734,0.816168117389019,0.2459762135118094,0.8330006441420659
1134.0,47.0,2345.5960043841965,2115.0,48.80000000000001,7.060001449310861,3.4925281976541473,0.04629556416036386,1.570761136236981,0.2111989188297338,0.13322742768609447,0.8414362313628629,0.24846132254694572,0.8480001340487239
1134.0,48.0,2345.5960043841965,2115.0,49.80000000000001,7.0453600963877,3.4823783276740286,0.039691754638297716,1.5839696975843083,0.2088764068756736,0.13842694576011558,0.8667043453367069,0.2509464315820819,0.8629996239553817
1134.0,49.0,2345.5960043841965,2115.0,50.80000000000001,7.03071874346454,3.4722284576939093,0.03308794511623158,1.597178258931636,0.20655389492161333,0.14362646383413666,0.8919724593105512,0.25343154061721823,0.8779991138620398
1134.0,50.0,2345.5960043841965,2115.0,51.80000000000001,7.01607739054138,3.462078587713791,0.02648413559416543,1.6103868202789633,0.20423138296755314,0.1488259819081577,0.9172405732843953,0.25591664965235456,0.8929986037686977
1134.0,51.0,2345.5960043841965,2115.0,52.80000000000001,7.009619986633292,3.4608919186347986,0.01927439323220537,1.6132764713989534,0.1930931988291996,0.15283906509111375,0.9356144882813034,0.25363892291051143,0.9189661639298082
1134.0,52.0,2345.5960043841965,2115.0,53.80000000000001,7.008618548735254,3.4656807168232233,0.011660695643649367,1.609286849034052,0.17607789990131725,0.15606119168002638,0.9493922706269212,0.24818597231734882,0.9522457709272202
1134.0,53.0,2345.5960043841965,2115.0,54.80000000000001,7.007617110837215,3.4704695150116485,0.00404699805509336,1.6052972266691505,0.1590626009734348,0.159283318268939,0.9631700529725391,0.24273302172418615,0.9855253779246321
1134.0,54.0,2345.5960043841965,2115.0,55.80000000000001,7.0066156729391755,3.475258313200073,-0.003566699533462648,1.6013076043042491,0.14204730204555238,0.16250544485785162,0.976947835318157,0.23728007113102348,1.0188049849220444
1134.0,55.0,2345.5960043841965,2115.0,56.80000000000001,7.005614235041136,3.4800471113884983,-0.011180397122018652,1.5973179819393477,0.12503200311767002,0.16572757144676425,0.9907256176637746,0.2318271205378608,1.0520845919194564
1134.0,56.0,2345.5960043841965,2115.0,57.80000000000001,7.004612797143097,3.484835909576924,-0.018794094710574655,1.5933283595744459,0.10801670418978758,0.1689496980356769,1.0045034000093924,0.22637416994469817,1.0853641989168685
1134.0,57.0,2345.5960043841965,2115.0,58.80000000000001,7.002691918523023,3.4867965065443536,-0.02619055460058377,1.590488790454939,0.09325665765787237,0.16999848867612236,1.0165012907649593,0.22281421590096345,1.1126625464879911
1134.0,58.0,2345.5960043841965,2115.0,59.80000000000001,6.998625678218199,3.482157967329463,-0.03308012652731682,1.5903326789080174,0.08375886671654714,0.16597616210347768,1.0243461011437405,0.22367125380589392,1.1260046220644389
1134.0,59.0,2345.5960043841965,2115.0,60.80000000000001,6.9945594379133755,3.477519428114573,-0.03996969845404985,1.5901765673610964,0.07426107577522191,0.16195383553083312,1.0321909115225218,0.22452829171082436,1.1393466976408866
1134.0,60.0,2345.5960043841965,2115.0,61.80000000000001,6.990493197608553,3.4728808888996827,-0.0468592703807829,1.5900204558141755,0.06476328483389668,0.15793150895818853,1.040035721901303,0.22538532961575486,1.1526887732173343
1134.0,61.0,2345.5960043841965,2115.0,62.80000000000001,6.986426957303729,3.468242349684792,-0.053748842307515934,1.5898643442672542,0.05526549389257145,0.15390918238554394,1.0478805322800842,0.22624236752068536,1.166030848793782
1134.0,62.0,2345.5960043841965,2115.0,63.80000000000001,6.9823607169989055,3.463603810469902,-0.060638414234248976,1.589708232720333,0.04576770295124623,0.14988685581289932,1.0557253426588653,0.22709940542561582,1.1793729243702296
1134.0,63.0,2345.5960043841965,2115.0,64.80000000000001,6.978294476694082,3.4589652712550114,-0.06752798616098202,1.589552121173412,0.03626991200992099,0.14586452924025473,1.0635701530376467,0.2279564433305463,1.1927149999466775
1134.0,64.0,2345.5960043841965,2115.0,65.80000000000001,6.978875136606388,3.44709361622885,-0.06656618729041064,1.5776335012324225,0.03068985383162622,0.1474102097032624,1.052309680307513,0.21703449907152494,1.1987009803212088
1134.0,65.0,2345.5960043841965,2115.0,66.80000000000001,6.9794557965186925,3.4352219612026884,-0.06560438841983926,1.5657148812914332,0.025109795653331442,0.14895589016627006,1.0410492075773796,0.20611255481250357,1.20468696069574
1134.0,66.0,2345.5960043841965,2115.0,67.80000000000001,6.980036456430997,3.4233503061765274,-0.06464258954926788,1.5537962613504437,0.019529737475036668,0.15050157062927774,1.029788734847246,0.19519061055348222,1.2106729410702717
1134.0,67.0,2345.5960043841965,2115.0,68.80000000000001,6.980617116343303,3.411478651150366,-0.06368079067869652,1.5418776414094544,0.013949679296741893,0.15204725109228545,1.0185282621171128,0.18426866629446087,1.2166589214448031
1134.0,68.0,2345.5960043841965,2115.0,69.80000000000001,6.981197776255608,3.3996069961242044,-0.06271899180812512,1.529959021468465,0.008369621118447116,0.15359293155529313,1.007267789386979,0.17334672203543952,1.2226449018193344
1134.0,69.0,2345.5960043841965,2115.0,70.80000000000001,6.981778436167914,3.3877353410980433,-0.06175719293755375,1.518040401527476,0.0027895629401523425,0.1551386120183008,0.9960073166568456,0.16242477777641817,1.2286308821938658
1134.0,70.0,2345.5960043841965,2115.0,71.80000000000001,6.984530432226213,3.379329386197271,-0.05888686678245464,1.5268632156526214,-0.009241946910499269,0.1520286837662056,0.9753093053449489,0.14759739446752806,1.227404571783136
1134.0,71.0,2345.5960043841965,2115.0,72.80000000000001,6.988213000918513,3.3724087313502364,-0.055198600362557936,1.544575215806111,-0.024038364620732344,0.1469234946362092,0.9505666346408677,0.13109625156583715,1.2230872796072947
1134.0,72.0,2345.5960043841965,2115.0,73.80000000000001,6.991895569610813,3.3654880765032025,-0.05151033394266122,1.5622872159596006,-0.03883478233096541,0.1418183055062128,0.9258239639367867,0.11459510866414623,1.218769987431453
1134.0,73.0,2345.5960043841965,2115.0,74.80000000000001,6.995578138303113,3.3585674216561685,-0.04782206752276452,1.5799992161130905,-0.05363120004119848,0.1367131163762164,0.9010812932327055,0.09809396576245531,1.2144526952556116
1134.0,74.0,2345.5960043841965,2115.0,75.80000000000001,6.999260706995414,3.351646766809135,-0.04413380110286782,1.5977112162665796,-0.06842761775143154,0.13160792724621997,0.8763386225286244,0.08159282286076441,1.2101354030797702
1134.0,75.0,2345.5960043841965,2115.0,76.80000000000001,7.002943275687713,3.3447261119621006,-0.040445534682971115,1.615423216420069,-0.08322403546166462,0.12650273811622356,0.8515959518245433,0.06509167995907349,1.2058181109039285
1134.0,76.0,2345.5960043841965,2115.0,77.80000000000001,7.000642688643608,3.3415433449345673,-0.039115683253566215,1.6298107093372645,-0.1010449410678679,0.11965782416906037,0.8400979816231166,0.04674765774948984,1.1991597550425055
1134.0,77.0,2345.5960043841965,2115.0,78.80000000000001,6.989367367994897,3.343967409636284,-0.041323454309898935,1.6392114414000176,-0.1234025785180264,0.11020332299614713,0.8484670621756706,0.025639316578067176,1.1889898036527098
1134.0,78.0,2345.5960043841965,2115.0,79.80000000000001,6.978092047346187,3.3463914743380005,-0.043531225366231635,1.6486121734627708,-0.14576021596818486,0.10074882182323389,0.8568361427282247,0.0045309754066445085,1.178819852262914
1134.0,79.0,2345.5960043841965,2115.0,80.80000000000001,6.966816726697474,3.348815539039718,-0.045738996422564356,1.6580129055255244,-0.16811785341834337,0.09129432065032063,0.8652052232807789,-0.016577365764778158,1.1686499008731182
1134.0,80.0,2345.5960043841965,2115.0,81.80000000000001,6.955541406048763,3.351239603741434,-0.04794676747889707,1.6674136375882778,-0.1904754908685018,0.08183981947740737,0.8735743038333328,-0.037685706936200804,1.1584799494833227
1134.0,81.0,2345.5960043841965,2115.0,82.80000000000001,6.944266085400052,3.353663668443151,-0.05015453853522978,1.6768143696510311,-0.21283312831866028,0.07238531830449413,0.8819433843858869,-0.05879404810762348,1.1483099980935272
1134.0,82.0,2345.5960043841965,2115.0,83.80000000000001,6.932815953643725,3.3576861215198117,-0.05268648761966671,1.6798890194021083,-0.23410235320045755,0.06411005825480155,0.8930604522211438,-0.07909911509970427,1.1386670696637826
1134.0,83.0,2345.5960043841965,2115.0,84.80000000000001,6.9197925219188505,3.376094069970964,-0.0581360389570413,1.6260289283481066,-0.2455758649670048,0.0664479683140939,0.9289094056007232,-0.09217471447770896,1.1337673478744958
1134.0,84.0,2345.5960043841965,2115.0,85.80000000000001,6.906769090193975,3.3945020184221164,-0.06358559029441589,1.572168837294105,-0.257049376733552,0.06878587837338627,0.9647583589803026,-0.10525031385571365,1.1288676260852093
1134.0,85.0,2345.5960043841965,2115.0,86.80000000000001,6.8937456584691015,3.412909966873269,-0.06903514163179049,1.5183087462401033,-0.2685228885000993,0.07112378843267864,1.000607312359882,-0.11832591323371834,1.1239679042959227
1134.0,86.0,2345.5960043841965,2115.0,87.80000000000001,6.880722226744228,3.4313179153244215,-0.07448469296916509,1.4644486551861016,-0.27999640026664646,0.073461698491971,1.0364562657394614,-0.13140151261172303,1.1190681825066362
1134.0,87.0,2345.5960043841965,2115.0,88.80000000000001,6.867698795019355,3.449725863775575,-0.07993424430653968,1.4105885641320999,-0.2914699120331938,0.07579960855126337,1.072305219119041,-0.1444771119897277,1.1141684607173497
1134.0,88.0,2345.5960043841965,2115.0,89.80000000000001,6.854675363294479,3.4681338122267276,-0.08538379564391425,1.356728473078098,-0.30294342379974104,0.07813751861055573,1.1081541724986206,-0.15755271136773238,1.1092687389280633
1134.0,89.0,2345.5960043841965,2115.0,90.80000000000001,6.837142182300578,3.4949862109133902,-0.09444004715076611,1.3266359585685585,-0.318059684526256,0.07462245256659242,1.1416887247491485,-0.16097455845483652,1.1125524484274347
1134.0,90.0,2345.5960043841965,2115.0,91.80000000000001,6.818481563989417,3.5239497221589295,-0.10439797369998727,1.3024853381951342,-0.3340866324927627,0.06964414249681515,1.1746446767174132,-0.16198296746921542,1.1178820157489704
1134.0,91.0,2345.5960043841965,2115.0,92.80000000000001,6.79982094567826,3.5529132334044693,-0.11435590024920846,1.2783347178217102,-0.3501135804592695,0.06466583242703788,1.2076006286856786,-0.16299137648359432,1.123211583070506
1134.0,92.0,2345.5960043841965,2115.0,93.80000000000001,6.7811603273671,3.581876744650009,-0.12431382679842963,1.254184097448286,-0.36614052842577627,0.05968752235726062,1.2405565806539436,-0.16399978549797323,1.1285411503920417
1134.0,93.0,2345.5960043841965,2115.0,94.80000000000001,6.762499709055939,3.6108402558955492,-0.13427175334765076,1.230033477074862,-0.38216747639228305,0.05470921228748336,1.2735125326222085,-0.16500819451235213,1.1338707177135774
1134.0,94.0,2345.5960043841965,2115.0,95.80000000000001,6.74383909074478,3.639803767141089,-0.14422967989687194,1.2058828567014375,-0.3981944243587899,0.04973090221770608,1.306468484590474,-0.16601660352673106,1.1392002850351133
1134.0,95.0,2345.5960043841965,2115.0,96.80000000000001,6.728821996511674,3.6704865448224497,-0.1561291597341238,1.2001053517299298,-0.39774981147854277,0.03966093813450242,1.3245598542757382,-0.1677710483441655,1.1396263503269415
1134.0,96.0,2345.5960043841965,2115.0,97.80000000000001,6.71744842635662,3.7028885889396315,-0.16997019285940643,1.2127009621603386,-0.3808336377515419,0.02449932003787239,1.327786641678002,-0.17027152896465558,1.1351489135890616
1134.0,97.0,2345.5960043841965,2115.0,98.80000000000001,6.706074856201567,3.7352906330568123,-0.18381122598468905,1.2252965725907472,-0.3639174640245409,0.009337701941242352,1.3310134290802658,-0.17277200958514566,1.130671476851182
1134.0,98.0,2345.5960043841965,2115.0,99.80000000000001,6.694701286046512,3.7676926771739945,-0.19765225910997164,1.2378921830211558,-0.34700129029753995,-0.005823916155387681,1.334240216482529,-0.1752724902056357,1.1261940401133024
1134.0,99.0,2345.5960043841965,2115.0,100.80000000000001,6.6833277158914575,3.8000947212911758,-0.2114932922352542,1.2504877934515641,-0.330085116570539,-0.020985534252017726,1.3374670038847927,-0.17777297082612578,1.1217166033754227
1134.0,100.0,2345.5960043841965,2115.0,101.80000000000001,6.671954145736403,3.832496765408357,-0.22533432536053685,1.2630834038819727,-0.3131689428435381,-0.03614715234864775,1.3406937912870562,-0.18027345144661583,1.117239166637543
1134.0,101.0,2345.5960043841965,2115.0,102.80000000000001,6.662687012605179,3.863022345201964,-0.2385596356288803,1.2721440908134023,-0.2991996069238852,-0.051050659523980656,1.3446737092528025,-0.18265773241144873,1.1155606941590948
1134.0,102.0,2345.5960043841965,2115.0,103.80000000000001,6.66184562756927,3.8860420677012697,-0.24932205446946726,1.2670650837489148,-0.2970176222336244,-0.06492172301412501,1.351666149472477,-0.18457721475365282,1.1250780787183732
1134.0,103.0,2345.5960043841965,2115.0,104.80000000000001,6.6610042425333615,3.9090617902005755,-0.2600844733100543,1.2619860766844273,-0.29483563754336356,-0.0787927865042694,1.3586585896921521,-0.18649669709585703,1.1345954632776514
1134.0,104.0,2345.5960043841965,2115.0,105.80000000000001,6.660162857497451,3.932081512699881,-0.2708468921506412,1.25690706961994,-0.29265365285310274,-0.09266384999441375,1.3656510299118272,-0.1884161794380612,1.1441128478369293
1134.0,105.0,2345.5960043841965,2115.0,106.80000000000001,6.659321472461543,3.955101235199187,-0.2816093109912282,1.2518280625554523,-0.2904716681628419,-0.10653491348455812,1.372643470131502,-0.19033566178026534,1.1536302323962073
1134.0,106.0,2345.5960043841965,2115.0,107.80000000000001,6.658480087425634,3.978120957698493,-0.2923717298318152,1.246749055490965,-0.2882896834725811,-0.1204059769747025,1.379635910351177,-0.1922551441224695,1.1631476169554855
1134.0,107.0,2345.5960043841965,2115.0,108.80000000000001,6.6576387023897245,4.001140680197799,-0.3031341486724021,1.2416700484264778,-0.2861076987823203,-0.13427704046484684,1.386628350570852,-0.19417462646467362,1.1726650015147637
1134.0,108.0,2345.5960043841965,2115.0,109.80000000000001,6.652652180015073,4.032714481083218,-0.30982737756139317,1.2399959186017682,-0.2607362824366667,-0.1466653597133632,1.3938830030687364,-0.19953260364722228,1.1940696339562744
1134.0,109.0,2345.5960043841965,2115.0,110.80000000000001,6.6472050868250045,4.06523873512265,-0.3160684742335402,1.2387001084703677,-0.23278826257374732,-0.15888892960169865,1.4011667902641993,-0.20527263581203142,1.2167950717180331
1134.0,110.0,2345.5960043841965,2115.0,111.80000000000001,6.641757993634938,4.097762989162081,-0.32230957090568724,1.2374042983389675,-0.20484024271082796,-0.1711124994900341,1.4084505774596625,-0.21101266797684057,1.2395205094797919
1134.0,111.0,2345.5960043841965,2115.0,112.80000000000001,6.6363109004448715,4.130287243201511,-0.32855066757783424,1.2361084882075668,-0.17689222284790862,-0.18333606937836958,1.4157343646551253,-0.21675270014164966,1.2622459472415506
1134.0,112.0,2345.5960043841965,2115.0,113.80000000000001,6.630863807254805,4.162811497240943,-0.33479176424998125,1.2348126780761661,-0.14894420298498925,-0.19555963926670503,1.4230181518505884,-0.2224927323064588,1.2849713850033098
1134.0,113.0,2345.5960043841965,2115.0,114.80000000000001,6.625416714064737,4.195335751280374,-0.3410328609221283,1.2335168679447654,-0.12099618312206994,-0.20778320915504048,1.4303019390460514,-0.22823276447126797,1.3076968227650685
1134.0,114.0,2345.5960043841965,2115.0,115.80000000000001,6.6290663935305165,4.22950948949423,-0.3440960308368328,1.254503662875777,-0.10018799793527684,-0.21558041071676895,1.4511720130473156,-0.2397196666905402,1.3282622888904683
1134.0,115.0,2345.5960043841965,2115.0,116.80000000000001,6.638780588100193,4.264782883824367,-0.3450405829132424,1.2903455278483957,-0.08413970253256776,-0.22042670006075957,1.4810996115857813,-0.2550378156127877,1.3473877739249633
1134.0,116.0,2345.5960043841965,2115.0,117.80000000000001,6.6484947826698715,4.300056278154504,-0.34598513498965217,1.3261873928210146,-0.06809140712985866,-0.22527298940475018,1.5110272101242466,-0.2703559645350353,1.3665132589594582
1134.0,117.0,2345.5960043841965,2115.0,118.80000000000001,6.65820897723955,4.335329672484642,-0.34692968706606175,1.3620292577936333,-0.052043111727149545,-0.23011927874874077,1.5409548086627118,-0.28567411345728283,1.3856387439939528
1134.0,118.0,2345.5960043841965,2115.0,119.80000000000001,6.667923171809227,4.3706030668147795,-0.34787423914247134,1.3978711227662521,-0.03599481632444046,-0.23496556809273136,1.5708824072011773,-0.30099226237953036,1.4047642290284477
1134.0,119.0,2345.5960043841965,2115.0,120.80000000000001,6.677637366378905,4.405876461144916,-0.348818791218881,1.4337129877388706,-0.01994652092173137,-0.239811857436722,1.6008100057396424,-0.31631041130177784,1.4238897140629425
1134.0,120.0,2345.5960043841965,2115.0,121.80000000000001,6.692042022234146,4.434666070683325,-0.3479296910799767,1.4741716569533412,-0.006039634474593253,-0.2505589465154302,1.6319803608670505,-0.32705676506358766,1.4402571812556113
1134.0,121.0,2345.5960043841965,2115.0,122.80000000000001,6.717391087755702,4.448326849041025,-0.34276206910534,1.5254028693988004,0.002870631076212498,-0.2750745683084797,1.666050481368659,-0.32713559678437554,1.4501892734840187
1134.0,122.0,2345.5960043841965,2115.0,123.80000000000001,6.74274015327726,4.4619876273987265,-0.33759444713070336,1.5766340818442597,0.011780896627018249,-0.29959019010152915,1.7001206018702673,-0.3272144285051635,1.4601213657124263
1134.0,123.0,2345.5960043841965,2115.0,124.80000000000001,6.768089218798815,4.475648405756429,-0.33242682515606653,1.6278652942897187,0.020691162177824,-0.3241058118945786,1.7341907223718755,-0.3272932602259515,1.4700534579408342
1134.0,124.0,2345.5960043841965,2115.0,125.80000000000001,6.793438284320373,4.489309184114129,-0.32725920318142987,1.6790965067351777,0.02960142772862976,-0.34862143368762816,1.7682608428734836,-0.3273720919467395,1.4799855501692416
1134.0,125.0,2345.5960043841965,2115.0,126.80000000000001,6.818787349841928,4.502969962471831,-0.3220915812067932,1.7303277191806365,0.0385116932794355,-0.37313705548067755,1.8023309633750921,-0.3274509236675274,1.4899176423976492
1134.0,126.0,2345.5960043841965,2115.0,127.80000000000001,6.844136415363485,4.516630740829533,-0.31692395923215644,1.7815589316260956,0.04742195883024125,-0.39765267727372705,1.8364010838767004,-0.3275297553883154,1.4998497346260566
1134.0,127.0,2345.5960043841965,2115.0,128.8,6.880678584635156,4.530839452293716,-0.30691359581463135,1.8193739109091398,0.0753486199998357,-0.4306131026424752,1.843154019945243,-0.3249919574788611,1.5198091467861787
1134.0,128.0,2345.5960043841965,2115.0,129.8,6.917220753906829,4.545048163757899,-0.29690323239710625,1.8571888901921838,0.10327528116943016,-0.4635735280112236,1.849906956013786,-0.32245415956940676,1.5397685589463004
1134.0,129.0,2345.5960043841965,2115.0,130.8,6.9537629231785,4.559256875222084,-0.2868928689795811,1.895003869475228,0.13120194233902457,-0.4965339533799718,1.8566598920823285,-0.31991636165995246,1.5597279711064223
1134.0,130.0,2345.5960043841965,2115.0,131.8,6.990305092450172,4.573465586686266,-0.276882505562056,1.9328188487582718,0.15912860350861904,-0.52949437874872,1.863412828150871,-0.31737856375049817,1.579687383266544
1134.0,131.0,2345.5960043841965,2115.0,132.8,7.026847261721843,4.58767429815045,-0.2668721421445309,1.9706338280413158,0.18705526467821348,-0.5624548041174683,1.870165764219414,-0.3148407658410438,1.5996467954266655
1134.0,132.0,2345.5960043841965,2115.0,133.8,7.063389430993514,4.6018830096146335,-0.25686177872700583,2.00844880732436,0.21498192584780787,-0.5954152294862166,1.8769187002879568,-0.31230296793158946,1.6196062075867872
1134.0,133.0,2345.5960043841965,2115.0,134.8,7.103534525456312,4.617229549021852,-0.2493136512425695,2.062257243739464,0.23069658508113672,-0.6181704897948952,1.8718639070695127,-0.3065705020373445,1.6193247796548687
1134.0,134.0,2345.5960043841965,2115.0,135.8,7.145223730715306,4.633063728976085,-0.2428207677294568,2.1229200189254502,0.24117752919892357,-0.636552107934973,1.86174865844236,-0.2994688927210464,1.6103687059692193
1134.0,135.0,2345.5960043841965,2115.0,136.8,7.186912935974299,4.648897908930317,-0.23632788421634404,2.183582794111437,0.2516584733167103,-0.6549337260750504,1.8516334098152072,-0.2923672834047483,1.60141263228357
1134.0,136.0,2345.5960043841965,2115.0,137.8,7.228602141233295,4.6647320888845485,-0.22983500070323135,2.2442455692974237,0.2621394174344972,-0.6733153442151282,1.8415181611880544,-0.28526567408845016,1.5924565585979207
1134.0,137.0,2345.5960043841965,2115.0,138.8,7.2702913464922885,4.680566268838782,-0.2233421171901186,2.30490834448341,0.27262036155228403,-0.6916969623552058,1.831402912560902,-0.27816406477215216,1.5835004849122714
1134.0,138.0,2345.5960043841965,2115.0,139.8,7.311980551751282,4.696400448793014,-0.2168492336770059,2.3655711196693967,0.28310130567007086,-0.7100785804952836,1.8212876639337492,-0.2710624554558541,1.574544411226622
1134.0,139.0,2345.5960043841965,2115.0,140.8,7.359298393617963,4.711438438060235,-0.2105293830884898,2.4019620705426714,0.2896436965697569,-0.7239539252933463,1.8151224419548562,-0.263937846861187,1.567410690054435
1134.0,140.0,2345.5960043841965,2115.0,141.8,7.415059190396171,4.72528214129694,-0.20446908188686866,2.40194528494688,0.2902782576422921,-0.7310698600783865,1.814882259948352,-0.25677873934896633,1.5630104976524413
1134.0,141.0,2345.5960043841965,2115.0,142.8,7.470819987174381,4.739125844533645,-0.19840878068524748,2.4019284993510888,0.29091281871482727,-0.7381857948634266,1.8146420779418477,-0.24961963183674568,1.5586103052504474
1134.0,142.0,2345.5960043841965,2115.0,143.8,7.526580783952591,4.752969547770351,-0.19234847948362632,2.4019117137552977,0.29154737978736245,-0.7453017296484667,1.814401895935344,-0.24246052432452508,1.5542101128484538
1134.0,143.0,2345.5960043841965,2115.0,144.8,7.582341580730801,4.766813251007056,-0.18628817828200514,2.4018949281595057,0.2921819408598977,-0.752417664433507,1.8141617139288402,-0.23530141681230443,1.54980992044646
1134.0,144.0,2345.5960043841965,2115.0,145.8,7.63810237750901,4.780656954243761,-0.18022787708038396,2.401878142563715,0.2928165019324329,-0.7595335992185472,1.813921531922336,-0.22814230930008378,1.5454097280444663
1134.0,145.0,2345.5960043841965,2115.0,146.8,7.693053021418065,4.794038257277969,-0.1742388987781687,2.403012261359005,0.2940000906188816,-0.766320922363879,1.812103948702449,-0.22030694319847055,1.5409609658933723
1134.0,146.0,2345.5960043841965,2115.0,147.8,7.740712289504718,4.803257958489708,-0.16889182657060692,2.4145045196740322,0.30012492783055295,-0.7701507407518337,1.7960897545621146,-0.2063852497923234,1.5360750760003774
1134.0,147.0,2345.5960043841965,2115.0,148.8,7.7883715575913754,4.812477659701448,-0.16354475436304514,2.42599677798906,0.30624976504222445,-0.7739805591397882,1.78007556042178,-0.19246355638617627,1.5311891861073823
1134.0,148.0,2345.5960043841965,2115.0,149.8,7.836030825678028,4.821697360913187,-0.15819768215548333,2.4374890363040866,0.31237460225389585,-0.777810377527743,1.764061366281445,-0.17854186298002908,1.526303296214387
1134.0,149.0,2345.5960043841965,2115.0,150.8,7.883690093764684,4.830917062124925,-0.15285060994792157,2.4489812946191147,0.3184994394655672,-0.7816401959156976,1.7480471721411104,-0.16462016957388195,1.5214174063213919
1134.0,150.0,2345.5960043841965,2115.0,151.8,7.931349361851338,4.840136763336664,-0.1475035377403598,2.460473552934142,0.3246242766772386,-0.7854700143036524,1.7320329780007757,-0.1506984761677348,1.516531516428397
1134.0,151.0,2345.5960043841965,2115.0,152.8,7.979008629937994,4.849356464548403,-0.142156465532798,2.471965811249169,0.33074911388891004,-0.789299832691607,1.716018783860441,-0.13677678276158767,1.511645626535402
1134.0,152.0,2345.5960043841965,2115.0,153.8,8.031356170784894,4.867286214627793,-0.13809866674239898,2.4944231707276567,0.34215798139400455,-0.7883831584266403,1.7064913014297103,-0.13583512890248467,1.5038023545092334
1134.0,153.0,2345.5960043841965,2115.0,154.8,8.084875779821852,4.887393476924094,-0.1343631863062906,2.5196218054970103,0.35488785647245463,-0.7862798609984432,1.6985854969263807,-0.1381384849301425,1.4952197369497717
1134.0,154.0,2345.5960043841965,2115.0,155.8,8.138395388858811,4.907500739220396,-0.13062770587018224,2.544820440266363,0.3676177315509047,-0.784176563570246,1.6906796924230514,-0.1404418409578003,1.4866371193903098
1134.0,155.0,2345.5960043841965,2115.0,156.8,8.191914997895772,4.927608001516699,-0.1268922254340739,2.570019075035716,0.3803476066293549,-0.7820732661420489,1.6827738879197216,-0.14274519698545818,1.478054501830848
1134.0,156.0,2345.5960043841965,2115.0,157.8,8.245434606932733,4.947715263813,-0.12315674499796554,2.5952177098050693,0.3930774817078051,-0.7799699687138517,1.6748680834163923,-0.14504855301311603,1.4694718842713863
1134.0,157.0,2345.5960043841965,2115.0,158.8,8.298954215969694,4.967822526109303,-0.11942126456185718,2.620416344574422,0.4058073567862552,-0.7778666712856546,1.6669622789130627,-0.14735190904077383,1.4608892667119244
1134.0,158.0,2345.5960043841965,2115.0,159.8,8.349830938489553,4.99198782201173,-0.11717070037909,2.6376378615448837,0.42047562913151565,-0.7762667436870264,1.6543695536515663,-0.14604029055558848,1.4508509284731557
1134.0,159.0,2345.5960043841965,2115.0,160.8,8.39806477449231,5.0202111515202805,-0.11640505244966393,2.646882260716455,0.4370822987435864,-0.7751701859179672,1.6370899076319034,-0.14111369755755987,1.4393568695550798
1134.0,160.0,2345.5960043841965,2115.0,161.8,8.44629861049507,5.048434481028832,-0.11563940452023794,2.6561266598880255,0.4536889683556572,-0.7740736281489079,1.6198102616122405,-0.13618710455953126,1.4278628106370037
1134.0,161.0,2345.5960043841965,2115.0,162.8,8.494532446497827,5.076657810537383,-0.11487375659081189,2.6653710590595967,0.47029563796772794,-0.7729770703798486,1.6025306155925774,-0.13126051156150265,1.416368751718928
1134.0,162.0,2345.5960043841965,2115.0,163.8,8.542766282500585,5.104881140045935,-0.11410810866138586,2.674615458231168,0.48690230757979863,-0.7718805126107893,1.5852509695729147,-0.12633391856347406,1.4048746928008522
1134.0,163.0,2345.5960043841965,2115.0,164.8,8.591000118503343,5.133104469554485,-0.11334246073195983,2.6838598574027386,0.5035089771918695,-0.7707839548417302,1.5679713235532518,-0.12140732556544545,1.3933806338827766
1134.0,164.0,2345.5960043841965,2115.0,165.8,8.640641756402601,5.161246348374011,-0.1133039977021039,2.6850244818896263,0.5168842740113341,-0.7659213094010398,1.5503158554392515,-0.11830173376980455,1.3792757416630395
1134.0,165.0,2345.5960043841965,2115.0,166.8,8.695914601887857,5.189062424437428,-0.11617427427052801,2.6538700076377855,0.5173340796603757,-0.7459943132738255,1.5311570989479035,-0.12248014678371377,1.35472751623666
1134.0,166.0,2345.5960043841965,2115.0,167.8,8.751187447373113,5.216878500500847,-0.1190445508389521,2.6227155333859447,0.5177838853094175,-0.7260673171466117,1.511998342456555,-0.126658559797623,1.3301792908102805
1134.0,167.0,2345.5960043841965,2115.0,168.8,8.80646029285837,5.244694576564266,-0.12191482740737623,2.5915610591341043,0.5182336909584592,-0.7061403210193978,1.492839585965207,-0.13083697281153223,1.3056310653839012
1134.0,168.0,2345.5960043841965,2115.0,169.8,8.861733138343624,5.272510652627685,-0.12478510397580035,2.560406584882263,0.5186834966075009,-0.6862133248921839,1.473680829473859,-0.13501538582544148,1.2810828399575216
1134.0,169.0,2345.5960043841965,2115.0,170.8,8.917005983828878,5.300326728691103,-0.12765538054422446,2.5292521106304227,0.5191333022565425,-0.66628632876497,1.454522072982511,-0.13919379883935068,1.256534614531142
1134.0,170.0,2345.5960043841965,2115.0,171.8,8.972278829314135,5.328142804754521,-0.1305256571126486,2.498097636378582,0.5195831079055843,-0.646359332637756,1.435363316491163,-0.14337221185325993,1.2319863891047624
1134.0,171.0,2345.5960043841965,2115.0,172.8,9.030137528601687,5.350196632017391,-0.12800057638847948,2.471333615431586,0.5100213839753177,-0.6302819538127805,1.4147566375652825,-0.1568294229987593,1.2051646245466705
1134.0,172.0,2345.5960043841965,2115.0,173.8,9.088283544978387,5.371610209413532,-0.12487601152068896,2.445057422629573,0.4993472678695724,-0.6146323102436094,1.393989078368899,-0.1713176117144353,1.1780902445294987
1134.0,173.0,2345.5960043841965,2115.0,174.8,9.146429561355083,5.393023786809674,-0.12175144665289842,2.41878122982756,0.48867315176382714,-0.5989826666744383,1.3732215191725154,-0.1858058004301113,1.1510158645123267
1134.0,174.0,2345.5960043841965,2115.0,175.8,9.204575577731784,5.414437364205815,-0.11862688178510788,2.392505037025547,0.47799903565808194,-0.5833330231052672,1.3524539599761318,-0.20029398914578728,1.1239414844951554
1134.0,175.0,2345.5960043841965,2115.0,176.8,9.262721594108482,5.435850941601958,-0.11550231691731737,2.3662288442235337,0.46732491955233674,-0.567683379536096,1.331686400779748,-0.21478217786146325,1.0968671044779839
1134.0,176.0,2345.5960043841965,2115.0,177.8,9.32086761048518,5.457264518998099,-0.11237775204952684,2.339952651421521,0.45665080344659154,-0.552033735966925,1.3109188415833644,-0.22927036657713928,1.069792724460812
1134.0,177.0,2345.5960043841965,2115.0,178.8,9.374783883339674,5.483623780181164,-0.10837660157146524,2.289950751467224,0.44254966597167494,-0.5339834520504583,1.2827638359895748,-0.24109958026750894,1.0549082346119232
1134.0,178.0,2345.5960043841965,2115.0,179.8,9.425880327179364,5.513280163888844,-0.10379106068655619,2.2241317134114045,0.42616384758397735,-0.5143327412357943,1.2496838661308485,-0.25115614394100777,1.0481503382085557
1134.0,179.0,2345.5960043841965,2115.0,180.8,9.476976771019052,5.5429365475965255,-0.09920551980164719,2.158312675355585,0.40977802919627965,-0.4946820304211306,1.2166038962721222,-0.2612127076145065,1.0413924418051885
1134.0,180.0,2345.5960043841965,2115.0,181.8,9.528073214858741,5.572592931304206,-0.09461997891673818,2.0924936372997656,0.3933922108085821,-0.4750313196064667,1.1835239264133957,-0.2712692712880052,1.034634545401821
1134.0,181.0,2345.5960043841965,2115.0,182.8,9.579169658698431,5.602249315011887,-0.09003443803182916,2.0266745992439454,0.3770063924208845,-0.45538060879180303,1.1504439565546694,-0.28132583496150404,1.0278766489984537
1134.0,182.0,2345.5960043841965,2115.0,183.8,9.63026610253812,5.631905698719567,-0.08544889714692014,1.960855561188126,0.36062057403318687,-0.4357298979771391,1.1173639866959428,-0.2913823986350028,1.0211187525950864
1134.0,183.0,2345.5960043841965,2115.0,184.8,9.679832004681776,5.660374909829839,-0.08156099267183246,1.8974062228785233,0.344628765357875,-0.4147399577949139,1.0849993657290724,-0.2963302166680319,1.0101402072093935
1134.0,184.0,2345.5960043841965,2115.0,185.8,9.725826642868018,5.686074051546156,-0.07930090648632782,1.8394861839767598,0.32955631267812985,-0.39062514908837875,1.0543038921765324,-0.28935762820663247,0.9893134808649406
1134.0,185.0,2345.5960043841965,2115.0,186.8,9.771821281054262,5.711773193262474,-0.0770408203008232,1.7815661450749962,0.3144838599983847,-0.3665103403818438,1.0236084186239924,-0.28238503974523305,0.9684867545204879
1134.0,186.0,2345.5960043841965,2115.0,187.8,9.817815919240505,5.737472334978791,-0.07478073411531856,1.7236461061732327,0.2994114073186396,-0.3423955316753087,0.9929129450714526,-0.27541245128383357,0.9476600281760352
1134.0,187.0,2345.5960043841965,2115.0,188.8,9.86381055742675,5.763171476695107,-0.07252064792981394,1.665726067271469,0.2843389546388944,-0.3182807229687737,0.9622174715189127,-0.26843986282243415,0.9268333018315826
1134.0,188.0,2345.5960043841965,2115.0,189.8,9.909805195612993,5.7888706184114245,-0.0702605617443093,1.6078060283697053,0.26926650195914925,-0.2941659142622386,0.931521997966373,-0.26146727436103473,0.9060065754871298
1134.0,189.0,2345.5960043841965,2115.0,190.8,9.955799833799235,5.814569760127742,-0.06800047555880466,1.549885989467942,0.2541940492794041,-0.2700511055557035,0.900826524413833,-0.2544946858996353,0.8851798491426771
1134.0,190.0,2345.5960043841965,2115.0,191.8,9.986066942251266,5.831993857326704,-0.06751050597163127,1.5050752539529055,0.2371138470778585,-0.25287411997457676,0.8528558339933616,-0.24097708549420868,0.8572847530437957
1134.0,191.0,2345.5960043841965,2115.0,192.8,10.016334050703298,5.8494179545256655,-0.06702053638445785,1.460264518437869,0.22003364487631286,-0.23569713439344994,0.8048851435728902,-0.2274594850887821,0.8293896569449142
1134.0,192.0,2345.5960043841965,2115.0,193.8,10.04660115915533,5.866842051724628,-0.06653056679728445,1.4154537829228326,0.20295344267476728,-0.21852014881232318,0.7569144531524189,-0.21394188468335554,0.8014945608460328
1134.0,193.0,2345.5960043841965,2115.0,194.8,10.076868267607361,5.884266148923589,-0.06604059721011103,1.3706430474077962,0.18587324047322165,-0.20134316323119641,0.7089437627319475,-0.20042428427792894,0.7735994647471515
1134.0,194.0,2345.5960043841965,2115.0,195.8,10.107135376059391,5.901690246122552,-0.06555062762293763,1.32583231189276,0.16879303827167605,-0.18416617765006962,0.6609730723114762,-0.1869066838725024,0.7457043686482699
1134.0,195.0,2345.5960043841965,2115.0,196.8,10.137402484511425,5.919114343321514,-0.06506065803576422,1.2810215763777233,0.15171283607013047,-0.16698919206894283,0.6130023818910049,-0.1733890834670758,0.7178092725493884
1134.0,196.0,2345.5960043841965,2115.0,197.8,10.160127879451412,5.932895294788945,-0.06322957984185258,1.2443497434687354,0.14151119679805368,-0.15699841152477204,0.5784791945920335,-0.1638104924943284,0.693199455809114
1134.0,197.0,2345.5960043841965,2115.0,198.8,10.179621111457667,5.94511489808572,-0.06082374081648176,1.2111660116766252,0.13425751306717754,-0.15008743313929637,0.5497192229165617,-0.15592004842130053,0.6699976159368137
1134.0,198.0,2345.5960043841965,2115.0,199.8,10.19911434346392,5.957334501382493,-0.05841790179111092,1.177982279884515,0.12700382933630142,-0.14317645475382074,0.5209592512410898,-0.14802960434827261,0.6467957760645133
1134.0,199.0,2345.5960043841965,2115.0,200.8,10.218607575470177,5.969554104679267,-0.05601206276574009,1.1447985480924046,0.11975014560542528,-0.13626547636834507,0.492199279565618,-0.1401391602752447,0.6235939361922131
1134.0,200.0,2345.5960043841965,2115.0,201.8,10.238100807476432,5.981773707976041,-0.053606223740369274,1.1116148163002941,0.11249646187454918,-0.12935449798286944,0.4634393078901462,-0.13224871620221682,0.6003920963199127
1134.0,201.0,2345.5960043841965,2115.0,202.8,10.257594039482687,5.993993311272815,-0.051200384714998444,1.078431084508184,0.10524277814367305,-0.12244351959739379,0.43467933621467436,-0.12435827212918893,0.5771902564476125
1134.0,202.0,2345.5960043841965,2115.0,203.8,10.274766890130683,6.003813015673132,-0.0494576479373415,1.0476214080972073,0.10134915912077659,-0.11368978053543508,0.41096640165925397,-0.11778067581286882,0.5543087791402
1134.0,203.0,2345.5960043841965,2115.0,204.8,10.288459168741294,6.010032871728761,-0.048709564531255356,1.0203728147579305,0.10249563715984944,-0.10217190045875182,0.3948240227839105,-0.11317235113161032,0.5319078456801188
1134.0,204.0,2345.5960043841965,2115.0,205.8,10.302151447351903,6.016252727784391,-0.04796148112516922,0.9931242214186541,0.10364211519892229,-0.09065402038206861,0.37868164390856696,-0.10856402645035183,0.5095069122200376
1134.0,205.0,2345.5960043841965,2115.0,206.8,10.315843725962516,6.022472583840019,-0.04721339771908307,0.9658756280793777,0.10478859323799516,-0.07913614030538535,0.3625392650332234,-0.10395570176909336,0.48710597875995665
1134.0,206.0,2345.5960043841965,2115.0,207.8,10.329536004573127,6.028692439895649,-0.04646531431299692,0.9386270347401013,0.10593507127706804,-0.06761826022870211,0.34639688615787995,-0.09934737708783484,0.46470504529987555
1134.0,207.0,2345.5960043841965,2115.0,208.8,10.343228283183736,6.034912295951278,-0.04571723090691078,0.9113784414008247,0.10708154931614089,-0.05610038015201888,0.33025450728253647,-0.09473905240657637,0.4423041118397945
1134.0,208.0,2345.5960043841965,2115.0,209.8,10.356307262821337,6.040701412802027,-0.045024877528816364,0.8856937870227342,0.10739755353658328,-0.04549466133169969,0.314763796867724,-0.09031121105762958,0.4204798854460124
1134.0,209.0,2345.5960043841965,2115.0,210.8,10.363866551701845,6.04261387680885,-0.044834094402647545,0.8740845832953174,0.10023929338935103,-0.04309839381865733,0.30513810259769136,-0.08750771969948826,0.40384602264892155
1134.0,210.0,2345.5960043841965,2115.0,211.8,10.371425840582353,6.044526340815672,-0.04464331127647872,0.862475379567901,0.09308103324211879,-0.040702126305614976,0.29551240832765874,-0.08470422834134692,0.38721215985183055
1134.0,211.0,2345.5960043841965,2115.0,212.8,10.37898512946286,6.046438804822494,-0.044452528150309895,0.8508661758404841,0.08592277309488652,-0.03830585879257262,0.28588671405762606,-0.08190073698320555,0.3705782970547396
1134.0,212.0,2345.5960043841965,2115.0,213.8,10.38654441834337,6.048351268829318,-0.044261745024141076,0.8392569721130675,0.07876451294765427,-0.03590959127953027,0.27626101978759343,-0.07909724562506419,0.3539444342576487
1134.0,213.0,2345.5960043841965,2115.0,214.8,10.394103707223877,6.05026373283614,-0.044070961897972244,0.8276477683856506,0.07160625280042202,-0.03351332376648791,0.26663532551756075,-0.07629375426692285,0.33731057146055776
1134.0,214.0,2345.5960043841965,2115.0,215.8,10.401662996104385,6.052176196842963,-0.043880178771803426,0.816038564658234,0.06444799265318976,-0.03111705625344556,0.2570096312475282,-0.0734902629087815,0.3206767086634668
1134.0,215.0,2345.5960043841965,2115.0,216.8,10.406569824318352,6.054149402415259,-0.04356108498658061,0.8086362716438003,0.060899631589310846,-0.03304494724386049,0.25051473722677076,-0.0709364624560179,0.31095763910233193
1134.0,216.0,2345.5960043841965,2115.0,217.8,10.410813537365682,6.056137793378922,-0.043209913536594306,0.802285706307612,0.058253745296270226,-0.03605387786013967,0.2448025432683321,-0.06844508472959875,0.3029672678501859
1134.0,217.0,2345.5960043841965,2115.0,218.8,10.41505725041301,6.058126184342587,-0.042858742086608,0.7959351409714237,0.055607859003229586,-0.039062808476418846,0.2390903493098935,-0.06595370700317958,0.2949768965980399
1134.0,218.0,2345.5960043841965,2115.0,219.8,10.41930096346034,6.06011457530625,-0.04250757063662169,0.7895845756352355,0.05296197271018896,-0.04207173909269802,0.23337815535145495,-0.06346232927676043,0.2869865253458939
1134.0,219.0,2345.5960043841965,2115.0,220.8,10.42354467650767,6.062102966269913,-0.042156399186635364,0.7832340102990474,0.050316086417148326,-0.04508066970897721,0.22766596139301631,-0.06097095155034129,0.27899615409374795
1134.0,220.0,2345.5960043841965,2115.0,221.8,10.427788389555,6.064091357233578,-0.04180522773664906,0.7768834449628593,0.047670200124107706,-0.04808960032525639,0.2219537674345777,-0.05847957382392214,0.27100578284160187
1134.0,221.0,2345.5960043841965,2115.0,222.8,10.432075056959706,6.066593865232238,-0.04156342723687919,0.7688598783235335,0.04652899950054606,-0.05029028919898881,0.21815043395553058,-0.05630648676227941,0.26485784312653193
1134.0,222.0,2345.5960043841965,2115.0,223.8,10.436404678721786,6.069610490265894,-0.04143099768732576,0.7591633103810698,0.04689248454646337,-0.05168273633017447,0.21625596095587496,-0.05445169036541311,0.260552334948538
1134.0,223.0,2345.5960043841965,2115.0,224.8,10.440734300483864,6.072627115299549,-0.04129856813777234,0.7494667424386067,0.04725596959238069,-0.05307518346136014,0.21436148795621934,-0.05259689396854681,0.25624682677054417
1134.0,224.0,2345.5960043841965,2115.0,225.8,10.445063922245946,6.075643740333205,-0.041166138588218916,0.7397701744961431,0.04761945463829801,-0.054467630592545814,0.2124670149565637,-0.05074209757168052,0.25194131859255026
1134.0,225.0,2345.5960043841965,2115.0,226.8,10.449393544008027,6.078660365366861,-0.04103370903866548,0.7300736065536797,0.04798293968421534,-0.05586007772373147,0.21057254195690808,-0.04888730117481422,0.24763581041455632
1134.0,226.0,2345.5960043841965,2115.0,227.8,10.453723165770107,6.081676990400517,-0.040901279489112055,0.7203770386112162,0.048346424730132655,-0.05725252485491714,0.2086780689572524,-0.04703250477794792,0.2433303022365624
1134.0,227.0,2345.5960043841965,2115.0,228.8,10.458655863494737,6.0847293506830695,-0.04067789166254033,0.7112296452101536,0.04908338207941866,-0.058476019789827645,0.20656826744830892,-0.04526895320161368,0.2395135734402351
1134.0,228.0,2345.5960043841965,2115.0,229.8,10.466000865069562,6.087924651961209,-0.0400906707278954,0.704278949974694,0.05131422864217926,-0.05902370593963757,0.20359715190221406,-0.04387038090740764,0.23765196217057397
1134.0,229.0,2345.5960043841965,2115.0,230.8,10.47334586664439,6.0911199532393505,-0.039503449793250475,0.6973282547392342,0.05354507520493986,-0.05957139208944751,0.2006260363561193,-0.04247180861320161,0.23579035090091283
1134.0,230.0,2345.5960043841965,2115.0,231.8,10.480690868219213,6.09431525451749,-0.03891622885860555,0.6903775595037747,0.05577592176770046,-0.06011907823925745,0.19765492081002445,-0.041073236318995565,0.23392873963125171
1134.0,231.0,2345.5960043841965,2115.0,232.8,10.488035869794038,6.097510555795629,-0.03832900792396063,0.6834268642683151,0.05800676833046106,-0.06066676438906739,0.19468380526392962,-0.03967466402478952,0.23206712836159055
1134.0,232.0,2345.5960043841965,2115.0,233.8,10.495380871368862,6.100705857073769,-0.037741786989315705,0.6764761690328556,0.06023761489322165,-0.061214450538877314,0.1917126897178348,-0.03827609173058349,0.2302055170919294
1134.0,233.0,2345.5960043841965,2115.0,234.8,10.50272587294369,6.103901158351909,-0.03715456605467078,0.6695254737973959,0.06246846145598225,-0.061762136688687255,0.18874157417173998,-0.036877519436377446,0.2283439058222683
1134.0,234.0,2345.5960043841965,2115.0,235.8,10.508172898827732,6.105855949204223,-0.03719926999966836,0.6657816714344739,0.06292733652746059,-0.06292121580605646,0.18845931248466097,-0.03612866265975914,0.22624603432122078
1134.0,235.0,2345.5960043841965,2115.0,236.8,10.513409038523907,6.107672905564775,-0.03731418782018176,0.6623941905018336,0.06318932587768535,-0.06414822747537668,0.18847581233747257,-0.03545199649620613,0.22412191168335255
1134.0,236.0,2345.5960043841965,2115.0,237.8,10.518645178220082,6.109489861925328,-0.03742910564069516,0.6590067095691933,0.0634513152279101,-0.06537523914469694,0.18849231219028417,-0.034775330332653114,0.22199778904548428
1134.0,237.0,2345.5960043841965,2115.0,238.8,10.52388131791626,6.1113068182858825,-0.03754402346120857,0.6556192286365531,0.06371330457813484,-0.06660225081401716,0.1885088120430958,-0.03409866416910012,0.21987366640761608
1134.0,238.0,2345.5960043841965,2115.0,239.8,10.529117457612436,6.1131237746464375,-0.037658941281721973,0.652231747703913,0.06397529392835961,-0.06782926248333739,0.18852531189590738,-0.0334219980055471,0.21774954376974784
1134.0,239.0,2345.5960043841965,2115.0,240.8,10.53435359730861,6.114940731006991,-0.03777385910223538,0.6488442667712728,0.06423728327858437,-0.06905627415265762,0.188541811748719,-0.032745331841994095,0.2156254211318796
1134.0,240.0,2345.5960043841965,2115.0,241.8,10.538124495195905,6.116521576965547,-0.038253594761288985,0.6485036380476452,0.06404513590011088,-0.0695820293707017,0.1885278248620504,-0.031890068098630875,0.21377056894694352
1134.0,241.0,2345.5960043841965,2115.0,242.8,10.54091856521061,6.117945015989438,-0.03897654231270271,0.6501942441300261,0.06355023070250523,-0.06964028028789504,0.1884935134823951,-0.030915739302060857,0.21209523039729555
1134.0,242.0,2345.5960043841965,2115.0,243.8,10.543712635225319,6.119368455013331,-0.039699489864116436,0.651884850212407,0.06305532550489959,-0.06969853120508834,0.18845920210273975,-0.029941410505490845,0.21041989184764756
1134.0,243.0,2345.5960043841965,2115.0,244.8,10.546506705240029,6.120791894037221,-0.04042243741553017,0.6535754562947881,0.06256042030729393,-0.06975678212228167,0.18842489072308444,-0.028967081708920827,0.2087445532979996
1134.0,244.0,2345.5960043841965,2115.0,245.8,10.549300775254734,6.122215333061112,-0.0411453849669439,0.6552660623771691,0.062065515109688274,-0.069815033039475,0.18839057934342907,-0.027992752912350805,0.2070692147483516
1134.0,245.0,2345.5960043841965,2115.0,246.8,10.55209484526944,6.123638772085003,-0.04186833251835763,0.6569566684595499,0.06157060991208264,-0.06987328395666831,0.18835626796377372,-0.027018424115780794,0.20539387619870364
1134.0,246.0,2345.5960043841965,2115.0,247.8,10.554128544414201,6.125083249244586,-0.042433291823101314,0.6588419615515279,0.061089557103157194,-0.06977313874982063,0.18901499538098115,-0.026121833327048448,0.20410938652548388
1134.0,247.0,2345.5960043841965,2115.0,248.8,10.554388044862428,6.126576815387449,-0.04262961188561489,0.6611815243325653,0.060640826534485576,-0.06930340258687727,0.19129081332420153,-0.02540663122327067,0.20373687756393002
1134.0,248.0,2345.5960043841965,2115.0,249.8,10.554647545310658,6.1280703815303115,-0.042825931948128476,0.6635210871136029,0.060192095965813985,-0.06883366642393392,0.19356663126742188,-0.024691429119492885,0.20336436860237614
1134.0,249.0,2345.5960043841965,2115.0,250.8,10.554907045758885,6.129563947673175,-0.043022252010642054,0.6658606498946404,0.05974336539714238,-0.06836393026099057,0.19584244921064223,-0.02397622701571511,0.20299185964082228
1134.0,250.0,2345.5960043841965,2115.0,251.8,10.555166546207111,6.131057513816037,-0.04321857207315564,0.668200212675678,0.05929463482847077,-0.06789419409804721,0.19811826715386258,-0.02326102491193733,0.20261935067926845
1134.0,251.0,2345.5960043841965,2115.0,252.8,10.555426046655342,6.1325510799589,-0.04341489213566922,0.6705397754567154,0.05884590425979917,-0.06742445793510386,0.20039408509708295,-0.02254582280815955,0.20224684171771456
1134.0,252.0,2345.5960043841965,2115.0,253.8,10.555685547103568,6.134044646101763,-0.0436112121981828,0.6728793382377529,0.05839717369112756,-0.0669547217721605,0.20266990304030333,-0.02183062070438177,0.20187433275616073
