f,Suu,Svv,Sww
0.0,0.0,0.0,0.0
0.0002,9.154358378293947e-05,9.77755612852897e-06,5.875035849329372e-06
0.0004,0.00020008419797201989,1.8035849348850003e-05,1.2603743994574474e-05
0.0006,0.00035868698832262186,6.25631491181891e-05,1.9019742407263485e-05
0.0008,0.0005416690458230919,4.6950935653092435e-05,2.6740900507475447e-05
0.001,0.0007069776593369358,9.378381787544572e-05,3.8413136622713996e-05
0.0012,0.00044315292134624576,6.492612918964674e-05,3.8424229977388875e-05
0.0014,0.0008030172482421546,0.00012087266480306328,4.320465508463738e-05
0.0016,0.0008249667188672394,0.00010927249564712468,6.320665650903747e-05
0.0018,0.0007571900259210227,0.00013650518448555106,4.733693206634797e-05
0.002,0.0013119202715888034,0.00017267901384814522,7.253689031337829e-05
0.0022,0.0011104408491722738,0.00012975039175365893,6.645429901864053e-05
0.0024,0.0010417219421596253,0.0001900594885176722,7.955362212958258e-05
0.0026,0.0013214518083404481,0.0002169283487456729,0.00010949994677191287
0.0028,0.0013525198074446157,0.0001836079491273271,9.243684883174017e-05
0.003,0.0013634851168782109,0.0002865505286637034,0.00015791687748161918
0.0032,0.0012304628692597806,0.00014002463774754654,0.00014076355379257844
0.0034,0.0011783101923408018,0.0002888215695644841,0.00011963495651636035
0.0036,0.000959264321143502,0.00033174612477525535,0.00010816219301544118
0.0038,0.0010120079367693133,0.00024946095389306866,0.0001793672123040646
0.004,0.00083904942032811,0.0002549545061419893,7.816831367046094e-05
0.0042,0.0010613244406673906,0.0002922639480848583,0.0001309621066004374
0.0044,0.0009783539282101085,0.0003606390127472793,0.00012250679252531925
0.0046,0.0012691732832659892,0.0002685090906740981,0.00011725305183106072
0.0048,0.001146867014048328,0.00026591960498717265,0.00016355344631423536
0.005,0.0013939917354926718,0.0003909075602026217,0.00018271693939275966
0.0052,0.00105245031405415,0.00033016787337464054,0.0001484770326252185
0.0054,0.0008897083227847967,0.00032090400822590135,0.00015985955946414698
0.0056,0.0013355213712864678,0.0004874838485710738,0.00015481304281609248
0.0058,0.0009605900355473447,0.0004045177010043971,0.0001764703401615821
0.006,0.001402771402989423,0.00027857701869796165,0.00017025073709915557
0.0062,0.0009827737632564866,0.0004531526084106706,0.00022392720372795875
0.0064,0.000939152628775629,0.00043054869255074093,0.00018198544072792986
0.0066,0.0014237577786232463,0.0005398195186601727,0.00016424731465553222
0.0068,0.0011615207308827116,0.000540121617232667,0.00028745472685171865
0.007,0.0012971735800648223,0.0004450278387659839,0.00021247404264710838
0.0072,0.001140718210418681,0.00040907011377678843,0.0002393498920900041
0.0074,0.0012238861597619085,0.00044665249855961755,0.0001839196979922843
0.0076,0.001244038053192711,0.0005381876005810632,0.0002242956039198123
0.0078,0.0009617488064391083,0.0005921573128149871,0.0002187076897366563
0.008,0.0014955247331947788,0.0004072120209251236,0.0002777519962442028
0.0082,0.0013443507047663644,0.000502453798931342,0.00026012853798558077
0.0084,0.0007634090438250912,0.0004569824254509862,0.00019625168257940791
0.0086,0.0011942846710935944,0.0003650574452562298,0.00017944996761909304
0.0088,0.000865634265999363,0.0004162891547491001,0.0002146965138012488
0.009,0.0012544795130780958,0.00046022594141691153,0.00027815338439998017
0.0092,0.001476756200288232,0.000649993870381007,0.00022610149124905812
0.0094,0.0013238218937872614,0.00048350326763908216,0.00022364341847020826
0.0096,0.0011228024180776446,0.0005605687996904205,0.00029744936823106405
0.0098,0.0012601150041732757,0.0006401097508172304,0.00036034289093101997
0.01,0.0011748119862849669,0.0005501273190015761,0.0002887126911583889
0.0102,0.0013267200756634906,0.0005844941774850417,0.00026554985659256697
0.0104,0.0009497087474651412,0.0005929459841205174,0.00024836695579450797
0.0106,0.0013484973386118956,0.0005830140490651328,0.00031301000597010864
0.0108,0.0009384856112668596,0.0007194181448179885,0.00018904795272955822
0.011,0.0012555941394503784,0.0006392896390763183,0.00023189300849340232
0.0112,0.0011863274602713645,0.0008081640842897938,0.00037388482068871236
0.0114,0.0009893764605106742,0.0006473944939433861,0.0002323677358135663
0.0116,0.0012439750079784604,0.0007651205504460442,0.00030234690531162357
0.0118,0.0014811884172365034,0.000473610352391387,0.0003700978833510865
0.012,0.0012080597340306007,0.0008978494200344668,0.0003011777622084326
0.0122,0.0010591655967947613,0.0006203742091598546,0.00029739679217592724
0.0124,0.0012291483551017343,0.0010936206329853974,0.00029751034365733524
0.0126,0.0011432348623910962,0.0007210257686576861,0.0003177135802842084
0.0128,0.001285619960925022,0.0006153382162672486,0.00031734785457321427
0.013,0.0010191352772771758,0.0006641854684882734,0.0003063656889486636
0.0132,0.0012450750240984689,0.0008372726165443552,0.0004762549129073488
0.0134,0.0013847942275088583,0.0007908627888947671,0.00042579008950177047
0.0136,0.0010706211956986124,0.0006711875739698752,0.0003605493282870151
0.0138,0.0017278661600945275,0.0007207091425152727,0.00036784730378439
0.014,0.0012639719631508128,0.0007117524521037306,0.00038145025535604287
0.0142,0.001103335903770948,0.0007931613567183695,0.0005029806033899117
0.0144,0.0010456726822228237,0.0007591935476689715,0.0003309350344530115
0.0146,0.0015836936550491082,0.00048425606378688367,0.00048372526335244034
0.0148,0.0012616903059855626,0.000747030875241046,0.00040703585878353136
0.015,0.001453544579474812,0.0007409021334617902,0.0003600182297433241
0.0152,0.0011309324366467345,0.000869485092091916,0.00032829749601167506
0.0154,0.0015476984428249802,0.0008706215753671089,0.0004154190238892962
0.0156,0.0009529095881098882,0.0009341057952027138,0.00036359738612205356
0.0158,0.0008279504222117469,0.0007005617447536201,0.00035917256481883807
0.016,0.0010298605289210077,0.0007070033276721498,0.0004166641829162386
0.0162,0.0012907322404972857,0.0004987814812118466,0.00042809532971986597
0.0164,0.0011103597394165686,0.000737577809280536,0.00039691696171579823
0.0166,0.001355078001635301,0.0005538067504432838,0.00047028720600879006
0.0168,0.001109839455396922,0.00059878822354479,0.0003451447422642453
0.017,0.0011380056293632344,0.0005971417883472006,0.0003218747473957633
0.0172,0.0012955173021879944,0.0007830339010324602,0.00045900751827048945
0.0174,0.001368378272222826,0.0006986005563909964,0.0004409748713267252
0.0176,0.0009287402640500865,0.0006548448201531687,0.0003388794262531447
0.0178,0.0012438655144877012,0.0007707455308457629,0.00038772128487691464
0.018,0.0011578234152384084,0.0008404993128727889,0.0004262282547625926
0.0182,0.0010347719157695347,0.0005954043107079011,0.0003423963480693298
0.0184,0.0010998494289189908,0.0005928274526471231,0.00037155692407483433
0.0186,0.0012574356051290386,0.0008240957723869357,0.000558991374390209
0.0188,0.0011484381061511056,0.0009711830777318174,0.00047371434770118547
0.019,0.0012355001013737274,0.0008571222195423521,0.0005328010890985825
0.0192,0.0010268131450692432,0.0007948670526086441,0.0004093231512621635
0.0194,0.0010408910686316238,0.0008204723308215992,0.000400249090331869
0.0196,0.0010599383207439105,0.0007526578295077648,0.00046694933096579115
0.0198,0.001020334659612682,0.0007448931479069272,0.00046890212644144677
0.02,0.0015402441638388234,0.000968695630350501,0.0005288846645624546
0.0202,0.001220357654233853,0.0005768606904184467,0.00034070472674034856
0.0204,0.0011693586735974525,0.0005926312133731906,0.0004042523646319446
0.0206,0.0010284413566296374,0.0008786877739269695,0.0004690349697559263
0.0208,0.001292039412999564,0.0009254040053015186,0.00044175517959767945
0.021,0.0010483585607827162,0.0008880582333346074,0.0005352012956989842
0.0212,0.0009653229350942463,0.0005719162921379011,0.0005733182534624333
0.0214,0.001180977289486486,0.0007712853694209237,0.00045204300305676866
0.0216,0.0009439785511814997,0.0010789328841306913,0.00040891906166336
0.0218,0.0011369946133483765,0.0009972497581094922,0.00036569870442539927
0.022,0.0010650604799022417,0.0007557542800983965,0.000491241256976059
0.0222,0.0007570885460778201,0.0007137914581730933,0.00037654365012753787
0.0224,0.0010533876916608985,0.0008705100069979915,0.00047961326531593306
0.0226,0.0014938517293141879,0.0008533731028104134,0.0005892090089853089
0.0228,0.000899688113298479,0.0008826502802963158,0.00032179061173997765
0.023,0.0009921667925097044,0.0008231722802889305,0.0003519943608648148
0.0232,0.001164516943335454,0.0010593074983428076,0.0004523804518019116
0.0234,0.0009403022934784404,0.0008668251091500554,0.0004985915924743596
0.0236,0.0010056679100954335,0.0007077435948749481,0.0006090560792248836
0.0238,0.0006837137371045556,0.0008158317095641026,0.0005167655620827735
0.024,0.001548658105649797,0.0012559380278143431,0.0006011059300252672
0.0242,0.0008212319121645562,0.0007666125483363694,0.0004852907550940505
0.0244,0.0012750830527959803,0.0011130855788475582,0.000540631505070503
0.0246,0.0011839782372572302,0.0006997076463348452,0.0005936269103753919
0.0248,0.0009209412885997058,0.0009470876100712471,0.0004667119009371057
0.025,0.0011328837566941903,0.0008025072645627229,0.0005751749900333862
0.0252,0.0008767435926065474,0.0008049285449506699,0.0006067491366652642
0.0254,0.0010728510116870616,0.0008738059654418442,0.0006247666037806479
0.0256,0.0012674102090426823,0.0007687044110449997,0.0005579042541797919
0.0258,0.0012196271502060649,0.0012106747982469372,0.0006589666948141125
0.026,0.0011568448783446353,0.000862827343232422,0.0004341541231948894
0.0262,0.001114334887418267,0.0006507045177207502,0.000545804046039628
0.0264,0.001070644225096443,0.0007580314194494623,0.0005711559579927393
0.0266,0.0008018976605258781,0.0007228631992423734,0.0004453668809444533
0.0268,0.0009773540059279954,0.0010151040332401985,0.0005416524140724743
0.027,0.0009736128700224158,0.0010955186449609835,0.0007386610700900219
0.0272,0.0012037439324464696,0.000805484491590319,0.0005215538471477647
0.0274,0.0008888037817236525,0.0009467424288826261,0.0005507672728412276
0.0276,0.0007641501470620583,0.0008297408164020323,0.0005735121587901098
0.0278,0.0009619918839108344,0.0007635424605540315,0.0006495396089435764
0.028,0.0012001260721374463,0.0009702552976814921,0.0006636707775059049
0.0282,0.0011646338158139225,0.0009031474996628943,0.0005733431492359001
0.0284,0.0011741583398699558,0.0009570798048515336,0.0006866116136655958
0.0286,0.0008466344233247911,0.0006507274156634523,0.0007265596991533825
0.0288,0.0011589255293961752,0.0011575225083206562,0.0006737230735195498
0.029,0.0008429732140915897,0.001259415946025619,0.0005780882698649679
0.0292,0.0010198938935576623,0.0007802306083037985,0.0004948314173544545
0.0294,0.0010227274661210796,0.0011721331771773515,0.00049874420314428
0.0296,0.0011933716413044355,0.001095743639939367,0.0005992105911641451
0.0298,0.0015125012378789898,0.0007848752197412667,0.0008438304173557141
0.03,0.0012495623790056995,0.0008045998020956728,0.0005081073817505541
0.0302,0.0008784145181652234,0.000804866374451551,0.0005775934667325706
0.0304,0.0008094469131293404,0.0009111669919148802,0.0005072270248901298
0.0306,0.0008069801924566648,0.0008784180780059257,0.0005704874901527689
0.0308,0.0010110926654942941,0.001061235376383633,0.0004901153104708364
0.031,0.001154714113804602,0.0009459578595977102,0.0006448016962444581
0.0312,0.0008385272232234573,0.0009339723521272057,0.0006473288337618721
0.0314,0.0009442230554409551,0.000934928632822965,0.0006237349714813266
0.0316,0.0008968652177956417,0.0008757019431604599,0.0006706867546698384
0.0318,0.0009639935832706277,0.0008759172022091553,0.0006449493548204491
0.032,0.001050115911995432,0.0009429649519488326,0.0006355867921456493
0.0322,0.0008768573816400436,0.0008320348690231009,0.000509618340931747
0.0324,0.0008041153807974331,0.0008358290558114387,0.0006412959912070003
0.0326,0.0009735945344174156,0.0008978230686860047,0.0005136196202197642
0.0328,0.0011986839093933875,0.0010582138503198904,0.0006475626105288943
0.033,0.0009496587797652793,0.0010567154425664433,0.0005783877148590847
0.0332,0.0007559011472644974,0.001068224827512477,0.0006796028318112322
0.0334,0.0009446219487686723,0.0009489034964836813,0.0004888217309572497
0.0336,0.000906258152085178,0.001040333615044018,0.00044171364033389836
0.0338,0.0008453255363439848,0.0009488752559866442,0.0005946344238731517
0.034,0.0009718116131883735,0.0011348111722401303,0.0006004311048562488
0.0342,0.0011047006502639017,0.0009000083124692568,0.0007183386324245825
0.0344,0.0010925699226719764,0.0011152492076603386,0.0006166532655242161
0.0346,0.000901703832761521,0.000619826077923637,0.00052764089722597
0.0348,0.0009888424875435702,0.0010396503442277182,0.0004654158024527004
0.035,0.0010793715420501309,0.0009434292894653723,0.0005880609308872017
0.0352,0.0011085763922113895,0.001020216802662339,0.00042461883423053543
0.0354,0.000910283324579444,0.0007203404521072895,0.0005318989915991433
0.0356,0.0009056472312537539,0.0010039761184239178,0.0005171286452284473
0.0358,0.000811661253213391,0.0010776212696486493,0.0005159764330593014
0.036,0.0010681158060826294,0.0011558702359024645,0.0005072009702657165
0.0362,0.0009466939558707433,0.0008660114973683301,0.0007651261278309757
0.0364,0.0008534327188305731,0.0009247508636062393,0.0005888451717047616
0.0366,0.000896169004303441,0.0009347922693111511,0.0006269979873252543
0.0368,0.0009111882874155495,0.0011608348800162596,0.0006299928378162489
0.037,0.0008882344828147848,0.0008658243192950513,0.0004930347205101001
0.0372,0.0006922320158461646,0.0009455907652035994,0.0004550934867548758
0.0374,0.000913458620103003,0.0010905569442198981,0.0007259306612677289
0.0376,0.0007919627460438104,0.0007765142879129027,0.0007279137448296264
0.0378,0.0010009142459233072,0.0011395064936875056,0.000662966457710355
0.038,0.001136076175476018,0.0009687352095630026,0.0006971305325882584
0.0382,0.001070822114134712,0.0007154552893391735,0.0004942171354698232
0.0384,0.0007485240156269205,0.0009176828666610474,0.0006121643252010924
0.0386,0.0009587212804724992,0.0009638594976226399,0.0008926337893311492
0.0388,0.0009434978404109851,0.0009043042607658109,0.0008018304327932776
0.039,0.0007777436161954367,0.0010211810950399034,0.000643161139695046
0.0392,0.0009219733156213962,0.0010496336554126373,0.0008738996029931437
0.0394,0.0010180318403185792,0.000982520167607102,0.0008156592428473402
0.0396,0.0009196899823094848,0.0011676422441201947,0.0006144740926170388
0.0398,0.0008767284212036849,0.0010262250228538746,0.0006435261874011278
0.04,0.000997667029425931,0.0008147794753591728,0.0008664092494737256
0.0402,0.000862191988851459,0.0006721970984740509,0.0009018671286671259
0.0404,0.0009737009159258675,0.0009283851497721245,0.0006250537623390836
0.0406,0.0008435393984947833,0.0011174391052169738,0.0006111973902996644
0.0408,0.0011822216948985259,0.0010427715144008263,0.0005795724315516069
0.041,0.0006226836916440923,0.0006278076211952499,0.0006519838760110612
0.0412,0.0007339456362188525,0.000885076059386708,0.0005876277120002617
0.0414,0.000834318711532027,0.0009840217284960023,0.0007599442158723014
0.0416,0.0010253416145857615,0.0008174138260040159,0.0007089313272443103
0.0418,0.0008905394512264284,0.0011578357004522024,0.000651410744451901
0.042,0.0009853770554388611,0.0009018076165870156,0.0008230988974054378
0.0422,0.0009074684809716123,0.0009781705008964968,0.00044259657374508585
0.0424,0.0008527517230603321,0.0008282895607902762,0.0005251475286953025
0.0426,0.0007563362380752967,0.0009993296474417478,0.0006608303263346956
0.0428,0.0008197046577353654,0.0008485848855755992,0.0006995380289633678
0.043,0.0009869725115628602,0.0009507740487557029,0.0006914483355950244
0.0432,0.0008976798812808821,0.001051437564564725,0.0006131181882700647
0.0434,0.0007251018757736177,0.0009172249225989884,0.000565808390476424
0.0436,0.0007478462424902423,0.0011744164386884091,0.0007503899263008205
0.0438,0.0007879263640494139,0.0010494887775918875,0.000505366124430115
0.044,0.0007735309559179687,0.0010315245177264936,0.0007783406878552497
0.0442,0.000682217611894316,0.0007766696917786731,0.0006797654068607608
0.0444,0.0007415333774289252,0.000940155662295973,0.0007091195807808684
0.0446,0.0012697363186780393,0.0007080492552454354,0.0006609960785169331
0.0448,0.0008776975094420869,0.0013835922549774022,0.0006089885610529967
0.045,0.0007996919220587859,0.00107895468154418,0.000481840626108313
0.0452,0.0006435402568297574,0.0008514105695323429,0.0006489793942836311
0.0454,0.000694685256861291,0.0008979416326607932,0.0005536304107994812
0.0456,0.0008859595623329571,0.0007436340255053422,0.0006695543225489032
0.0458,0.0007113611392965146,0.0008947890986783939,0.000642750879727889
0.046,0.0008442818143116127,0.0007083767036193573,0.0007201792004811187
0.0462,0.0006934223917142982,0.000734244986193509,0.0005967295524428104
0.0464,0.0005583955883533256,0.0010000222535900243,0.0007413328522153026
0.0466,0.0008433927315043006,0.0007878115419301885,0.0007101714018443374
0.0468,0.0005490907678493437,0.0008043403546033927,0.000657503467935436
0.047,0.0009191167188205862,0.0010004183721160113,0.0005657495088596789
0.0472,0.0007832314137595328,0.0009761869714801495,0.0006050162962480101
0.0474,0.0008815305323115281,0.0007592287869062763,0.0007110431112442041
0.0476,0.0007209958403765059,0.0011605394335692033,0.0005279959634266113
0.0478,0.0009748297382985425,0.0008413565222591902,0.000774011329325935
0.048,0.0008027405072751885,0.0007294886772158924,0.0008122383107778002
0.0482,0.0008210955711559312,0.000786006891253788,0.0006750756810002368
0.0484,0.0007540995482972904,0.0007350749059443068,0.0006556992460015256
0.0486,0.0005658832473478928,0.0006183827963460234,0.0006714974435904295
0.0488,0.0008456919167830121,0.000654633226473666,0.000624297647020245
0.049,0.000855629497864123,0.001052747925956173,0.0007583289082605002
0.0492,0.0008937027183359055,0.0011397399383412737,0.0007205751127632174
0.0494,0.0007529176444916977,0.0006832051531738947,0.0006362918690561666
0.0496,0.0008918347112270432,0.0009509746470039358,0.0008376950365798251
0.0498,0.0007287753167013844,0.0006949838430900547,0.0006063685861034657
0.05,0.0005711382259777327,0.0008688453956756673,0.0008500515320636952
0.0502,0.0008742282690826261,0.0010411666770039952,0.0009043427157206171
0.0504,0.0009497343293238476,0.0006932912276384975,0.0008525310639731715
0.0506,0.0006258678996968849,0.001248069538592685,0.0006876816953133977
0.0508,0.0007495878770501812,0.0009143871300813246,0.0004518412842941041
0.051,0.0007552998263095351,0.0009249073952468875,0.000591873835399092
0.0512,0.0007666189237647683,0.0008376853580656768,0.0008087457361241998
0.0514,0.00045310947761555793,0.0008575789114109279,0.0005526725436833504
0.0516,0.0007857025098658234,0.0007664267949004426,0.0007088072188263843
0.0518,0.000871868448657958,0.0007035509454469427,0.0006936712405481575
0.052,0.0005913098499874704,0.0007876308232125028,0.0005180151921014319
0.0522,0.0007171306398475487,0.0011032400559641126,0.0007525386779304148
0.0524,0.0006958787555182667,0.0009331661994976204,0.0007395069326945861
0.0526,0.0007001383008220138,0.001101559430885885,0.0005910683867429258
0.0528,0.0006231917578763559,0.000786504437338508,0.0009757503887691364
0.053,0.0007150808735596316,0.0008441974600433081,0.0006495680291363296
0.0532,0.0006630460780860908,0.0008426806962453578,0.0007006848603756857
0.0534,0.0007049839507546352,0.0006176824263308937,0.0009912853455002208
0.0536,0.0007052181167270126,0.0006981061986581859,0.0006266022084786465
0.0538,0.0005214014412937283,0.0006858511759701276,0.0007410414352515867
0.054,0.0006001439678392723,0.001224181397635327,0.0006757539164199566
0.0542,0.0006128207758331798,0.0007764988120420483,0.0005331022476890651
0.0544,0.0005947580656169035,0.0009523695645096359,0.0007054422777363006
0.0546,0.0006103026803824365,0.0009424576500611301,0.0005968425389034861
0.0548,0.0006542918221354579,0.0007487095688081597,0.0009483380673925792
0.055,0.000751627265566358,0.0006852958582288023,0.0007740175661335698
0.0552,0.0005697911219865987,0.0008509805331148485,0.0005512098869589982
0.0554,0.0009323128846129752,0.0009689217649319314,0.0006219036061403786
0.0556,0.0005351446946836722,0.0010574014350070784,0.0005071369745181645
0.0558,0.0006515839132663137,0.0006012216649805445,0.0004655066004998652
0.056,0.0004798587630818473,0.0009487293831249131,0.0004712115138480291
0.0562,0.0006026363601158139,0.0010392831792360338,0.0005817032396177766
0.0564,0.0007368175100074065,0.0010169720999576649,0.0007800712888731312
0.0566,0.0006351268134877016,0.0010458376516459468,0.0006773446324828526
0.0568,0.0005802837661413103,0.0007298355528398381,0.0005624674747588793
0.057,0.0007437306050121329,0.0009668015528016281,0.0005241370322710288
0.0572,0.0006123493414769637,0.0008161820729714639,0.00052395902521699
0.0574,0.0008691884597937063,0.0009335938024894782,0.000692486873465087
0.0576,0.0007857049530156761,0.0006732371101676602,0.0006844730457287958
0.0578,0.0005828187929502746,0.0011295308683823384,0.0007209221696401249
0.058,0.0006101117037004003,0.0009864603012723423,0.0007416854220379615
0.0582,0.0008160269867269526,0.0007195392357319852,0.0007111110903309676
0.0584,0.0006953674909344356,0.0008367605050744879,0.0008110222811276324
0.0586,0.0005363686904335777,0.000925526333905326,0.0006565036540933628
0.0588,0.0008381415770500867,0.0009374504998320134,0.0007263261838422092
0.059,0.0006308520247187251,0.0010849439161418094,0.00039624326705718253
0.0592,0.000622994519576559,0.0007839355499384577,0.000667368267065524
0.0594,0.0006378119942203927,0.0008719829638646108,0.0007052762075856572
0.0596,0.0006868091659662379,0.0010582009063951337,0.0005843689695181626
0.0598,0.0006984616016619811,0.0008038858197801357,0.0007904640524783004
0.06,0.0006290369999937464,0.0008699756928480751,0.0006684471358560054
0.0602,0.0006348717317364704,0.0007749572206768954,0.0006612648836954795
0.0604,0.0006940192556194798,0.0008302537750522373,0.0005779825164888204
0.0606,0.000544065147273409,0.0007911841079798024,0.0006290449140937675
0.0608,0.0006844961565603738,0.0008348838374674623,0.0007597385176943059
0.061,0.0005499399624946187,0.0010233050161144043,0.0006745165863112448
0.0612,0.0007052723100746805,0.0008391228972129695,0.0006958871283039158
0.0614,0.000638312230720641,0.0008307830686958631,0.00047432907344915085
0.0616,0.00059469521295061,0.0011186708144466056,0.000483120698717302
0.0618,0.0006939919407232606,0.0009818597198580064,0.0007923348082384202
0.062,0.0005856042231510193,0.0007743044830451766,0.0005634484863278841
0.0622,0.0007628881330989317,0.0010960295657095032,0.0006801660027013303
0.0624,0.000560071730407506,0.0007622722146585335,0.0007463197563358316
0.0626,0.00044068431997373,0.0007652569126121075,0.000549670347830531
0.0628,0.0005684546948399457,0.0009760356451774298,0.0006515079259111124
0.063,0.0005762048127355777,0.0009546361205401863,0.000764848990139662
0.0632,0.000571048919630351,0.00110889394434275,0.000671685546795499
0.0634,0.0005435870757036368,0.0008255079835519473,0.0006519623158478514
0.0636,0.0005746411251729892,0.0005658947481271767,0.0006309364906152338
0.0638,0.000520292969708807,0.0007908651953285129,0.0005996611893850629
0.064,0.0007102181295634457,0.0006171905677339199,0.0009090634726172075
0.0642,0.0004918384052365683,0.0008485608166187235,0.000854534473984811
0.0644,0.0006744132391820593,0.000804413034971178,0.000586376356405031
0.0646,0.0006033814380687809,0.0007811336828694958,0.0005543692105205766
0.0648,0.0005109442301333873,0.000985187128088688,0.0006741494306619562
0.065,0.0005281849032116072,0.000579335170870706,0.0006247455471343683
0.0652,0.000578461475086874,0.0005950229542564022,0.0006223953835041684
0.0654,0.000487761473164763,0.0007543942225919624,0.0006178074016433656
0.0656,0.0003325239631071723,0.0009521868144095727,0.0005014769269097686
0.0658,0.0007276582241475468,0.0007053220424825824,0.0005143753048000905
0.066,0.0005720464687206595,0.0008393248456585559,0.0007702600111567808
0.0662,0.0004973815511906286,0.0006008130137269723,0.0005633474599050463
0.0664,0.0007469448951378133,0.0006104811279125318,0.0006794137274414062
0.0666,0.0005633375752745951,0.0008224347120366682,0.0006562829889269758
0.0668,0.0005377175170092862,0.0006488056136675619,0.000661975649747557
0.067,0.0005633366242827374,0.0006940624629225535,0.0006092729002467893
0.0672,0.0006464662562978824,0.0009940194022827567,0.0008677502456534021
0.0674,0.0005326172552076885,0.0007745353644452973,0.0006745431986920153
0.0676,0.0005824530185864354,0.000686233046147686,0.0005833661713948726
0.0678,0.0004481676165633955,0.0007709692864624356,0.0006833274247128545
0.068,0.00073342006877511,0.0005883857896245211,0.0006558291083181487
0.0682,0.0006392314759617287,0.0008725603474600086,0.000681622429036814
0.0684,0.00049382846006182,0.000554045079539376,0.0007860466684447165
0.0686,0.0005193613324217799,0.0006607927831999532,0.0006324276194363391
0.0688,0.0004873064271926591,0.0009039281837447395,0.00047577745858603767
0.069,0.00040386546749761657,0.0008247752762646785,0.0005782364118994605
0.0692,0.0004548812582928426,0.0007313808427181054,0.0006232157079946191
0.0694,0.0005363081044502678,0.0006855046724640593,0.0006659371464902532
0.0696,0.0006763220590727325,0.0008684102831657073,0.0007184565861484548
0.0698,0.0005018325805194233,0.0007844082395953499,0.0004491736767436162
0.07,0.00036036637682606036,0.0008723210110571698,0.0005219741226793834
0.0702,0.0006578400758002044,0.0009518109697666298,0.0006797465821021642
0.0704,0.000529358914024978,0.000733516295869325,0.0005409084402978192
0.0706,0.0005725682443350051,0.0008151910751440332,0.0006236719413997128
0.0708,0.0005536542742278982,0.0008728048747051322,0.0005198892129695883
0.071,0.0004916733197435948,0.0006797243938277156,0.0006759829587877894
0.0712,0.0005846451451037893,0.0007920424844341975,0.0007665084458653469
0.0714,0.0005743579563093886,0.0007903428598876019,0.0005743933395727344
0.0716,0.0004124702027395783,0.0005766402928860086,0.0006551665180888732
0.0718,0.0004947683272339091,0.0009871673951485469,0.0006929512001170159
0.072,0.00046460100569171254,0.0007801745546743286,0.0006083914022716643
0.0722,0.0005324375561326143,0.0007475263953712407,0.0005160459841410461
0.0724,0.0004929642942325011,0.0007464741209879335,0.0004898369135162986
0.0726,0.000607544949670849,0.0007565763530422777,0.0007525350014512191
0.0728,0.0005790039575077795,0.0008298705353746443,0.0006335573028833575
0.073,0.00046393836714254765,0.0008414605480428507,0.0006864704227362995
0.0732,0.0003635895437266133,0.0007604959803271432,0.0007444869689090486
0.0734,0.00046169112132971317,0.0007966106218448186,0.0006540360182553511
0.0736,0.00047085002585570737,0.0009102035349994701,0.0006323945735490934
0.0738,0.00041210498342955496,0.0006059842728318315,0.0006827054301884438
0.074,0.0004217708410251685,0.0008609239829411225,0.0004067472843486053
0.0742,0.0004732806176183989,0.0008079836542826225,0.0006309476742691594
0.0744,0.00045405509019329145,0.0009297816087434867,0.0005741323024802576
0.0746,0.0004193801929784239,0.0010286940073145948,0.0004622605719892487
0.0748,0.00046557711992588265,0.0008570310228606248,0.000865998285910102
0.075,0.0005571761081372015,0.0007953877332989302,0.0005428069840329673
0.0752,0.0004558809036444801,0.0007196479083198159,0.0006735614607637955
0.0754,0.0004956433577517926,0.0005617951715464195,0.0007407138611978663
0.0756,0.0004481261091804401,0.0006848377932881559,0.0007429437831436909
0.0758,0.0004058049162311704,0.00048528230421897485,0.0004782526063879017
0.076,0.00044940079455387606,0.0006095929873660694,0.0005970228420192877
0.0762,0.00042713945680124423,0.0008121682813101235,0.0007159474606890576
0.0764,0.00035642190206349345,0.0006692810095821563,0.0005784208023837759
0.0766,0.0004008824344744261,0.0006363968155132961,0.0006476815480697515
0.0768,0.00040056316299079533,0.0008217064149180748,0.0005698496137379119
0.077,0.00044140154324892757,0.0007651747673204401,0.0007777066394638844
0.0772,0.00039982464779240355,0.0008704741977152092,0.0006264095196444216
0.0774,0.00048009284000218424,0.0005472603731366047,0.0005049143701826615
0.0776,0.0005105902229143877,0.0006351392335382921,0.0005982134593337054
0.0778,0.0004822116023572894,0.0007549338785132043,0.0006040753185910195
0.078,0.00048053419251710395,0.0008041947774021143,0.0006416176144368573
0.0782,0.0005103117668078068,0.0005880954660166879,0.0006320885873409707
0.0784,0.00043232127445706384,0.0007385001609366189,0.0005838692814167523
0.0786,0.0004329833636560112,0.0006545065842902317,0.0006540572519549137
0.0788,0.000443420768241336,0.0007477224696376581,0.0006826965136681952
0.079,0.0005115346745782621,0.0005695855636729826,0.0005855140371261606
0.0792,0.0004807782162951635,0.0005848564811181037,0.0007599498917810974
0.0794,0.0005195154944767194,0.000925449276476944,0.0007871354636122646
0.0796,0.00042747100070803055,0.0008635032639209989,0.0006416941958361886
0.0798,0.0005314527484808493,0.0006968817811964917,0.0006554019727337884
0.08,0.0003902721161578463,0.0008183938192757893,0.0005306955082427038
0.0802,0.0004347060822556541,0.0008902072813637261,0.0005757681395292659
0.0804,0.00034568088581716654,0.0006148119869423639,0.0005280205099016213
0.0806,0.0003618503264712112,0.0005658318265099612,0.0006116704820098349
0.0808,0.0004042144976741519,0.0006963066018224112,0.0004994571261781677
0.081,0.0004147851817069119,0.0006220542817709489,0.000572279896784848
0.0812,0.0004821466071992016,0.0006304694964699933,0.00044874598945775213
0.0814,0.0004666750969352501,0.0006669984805609924,0.0005736451134755391
0.0816,0.00035469916047260237,0.000897683952830043,0.0006488522925420946
0.0818,0.0004526854168665885,0.0005577615035686018,0.0007299432715855589
0.082,0.0003311562263956534,0.0008062393122099592,0.0004405010113646257
0.0822,0.0005098535387618005,0.0006856141679259438,0.0006507925792494894
0.0824,0.00040330841580778654,0.0008029216277742869,0.0006272460825036836
0.0826,0.0004136028173225464,0.0008307627701221586,0.00040190339482121994
0.0828,0.0003409207340459986,0.0005337792321516428,0.0005945426483208949
0.083,0.00047669974110206445,0.0006742543523366014,0.0006237947181831221
0.0832,0.0005326464737180281,0.0006087834563815779,0.0005558915111608865
0.0834,0.0003591269562625433,0.0008045533218914634,0.0006753952781211513
0.0836,0.0006010039201764805,0.00047592912861220605,0.0004135721040451354
0.0838,0.00043632681295029287,0.0007866036019957257,0.0006773104404387502
0.084,0.0003558294029095928,0.0006042910438512931,0.0005335130946019079
0.0842,0.000456761011403055,0.0006751065143250096,0.0006439016632614665
0.0844,0.0003069585353617531,0.0007425011059412795,0.0005314440042989072
0.0846,0.00045278122278681984,0.0004810642458236891,0.0005768236315227808
0.0848,0.0003796589391509072,0.0007356683606986385,0.0004295814509581263
0.085,0.0003491420204459113,0.0007470344862720316,0.0005493751295066862
0.0852,0.00031456098133435907,0.0006112460631661249,0.000708958860201138
0.0854,0.0003895471569850332,0.0005508552038424184,0.0004523584583653764
0.0856,0.0004326843857349249,0.0006005244568539334,0.0004931975436093854
0.0858,0.0003863535651088583,0.0005253285383155336,0.0006188699788877127
0.086,0.0004779206929544659,0.0006458894223050645,0.0005583358932507033
0.0862,0.00036832106666069504,0.0007307268737253348,0.0005777763324285801
0.0864,0.0003966663589611849,0.0006150357446968494,0.0006998149290940646
0.0866,0.0002897350422598189,0.0006022681597289165,0.0005144077765463553
0.0868,0.00034794082089503124,0.0006732040668776966,0.0005552041842245439
0.087,0.0005184811789481393,0.0005711201541163249,0.0005566239604363823
0.0872,0.0004372331913250678,0.0006831163750944462,0.0004968793523119618
0.0874,0.00045607107093107227,0.0005658669545696338,0.0006532672331662227
0.0876,0.0003321365020416945,0.000564580665022798,0.000603171846924748
0.0878,0.0004380924212405057,0.000903953764850379,0.0006652545312419997
0.088,0.0004293483346272853,0.00059912054724943,0.0006708169171596158
0.0882,0.000490905952166484,0.0006711209068501875,0.0006581471623359092
0.0884,0.0004645398758743788,0.0005481064283234113,0.0003599057050316861
0.0886,0.0003354526972787425,0.0005661217812142485,0.000489390199262807
0.0888,0.0003968112228756016,0.0006426040842038824,0.00047160202161475453
0.089,0.0002743783538624232,0.0006156505961937079,0.0004395425033756176
0.0892,0.0003193892886785365,0.0006733134331960031,0.00036243197314712107
0.0894,0.00043853817508410627,0.0005164347449852368,0.0005304474509206658
0.0896,0.00030456470559441943,0.0005477046132854197,0.0006165319375408364
0.0898,0.00030530629866119797,0.00063491680292267,0.00047564433399909797
0.09,0.00027943696107278525,0.0006644209833155978,0.00047039567278081605
0.0902,0.00028803026216283993,0.0006002533265120365,0.0006675084539875909
0.0904,0.0003733958505104821,0.00039002477841589104,0.0003585353767595291
0.0906,0.0003860073512960029,0.0005334720492151895,0.0004346465079933632
0.0908,0.00035580907833557344,0.0006704534271181616,0.0005580879902661439
0.091,0.00021627639959784562,0.0006097541842225107,0.000546232674846239
0.0912,0.00034559300181202405,0.0005221024524054221,0.000506849301798044
0.0914,0.00041580228593465177,0.000675070374387086,0.000605001099168451
0.0916,0.0005290542420140098,0.0006096654727684699,0.0005492904112807302
0.0918,0.0004075260995098121,0.0006694880807549049,0.00047592422599043564
0.092,0.0003017819962932919,0.0005290565267893119,0.0005191259656556046
0.0922,0.00040732209785598704,0.0005386437275396627,0.0005848749656778291
0.0924,0.000351165891490831,0.000536334082028015,0.000607011733978347
0.0926,0.000270912433963621,0.0006102051572075372,0.0002969632682785966
0.0928,0.00033994475968577594,0.0005662430576396576,0.0006157483566021767
0.093,0.0003854864313009982,0.0005260944110948392,0.0005281176576113055
0.0932,0.00040632259945075675,0.00045898480291340407,0.00042462916774409123
0.0934,0.00031626823240517684,0.0007956436532323215,0.0005288817173960439
0.0936,0.00035465873590364444,0.0006280902947948745,0.00042477536511018564
0.0938,0.0003632462065516267,0.0005432882660737316,0.0005021897884073667
0.094,0.0002966232751575966,0.0005817213837839003,0.000458713476670266
0.0942,0.0003421771979563927,0.0005409934417841499,0.0005760509795569371
0.0944,0.0003195635925020681,0.0007219961838382905,0.0005084110973981942
0.0946,0.0003578937408022783,0.0007235151280283477,0.0005055594555794834
0.0948,0.0004067170593107021,0.0006078578358597457,0.0004715644809879357
0.095,0.00036783872938278165,0.0006639630675486071,0.00036580680380791854
0.0952,0.0002529807304134655,0.0006694220130167214,0.00042281705274866777
0.0954,0.00042565647586802403,0.000590452853071195,0.0005481928778898089
0.0956,0.0003042019709618211,0.00042338936918828686,0.0005691063832363722
0.0958,0.0003775324300781869,0.0004569421912828253,0.0005999498218569061
0.096,0.00042305061581291413,0.0005911197417394248,0.00039142583187500886
0.0962,0.00032555842333983643,0.000663667033830316,0.0005187494445410197
0.0964,0.0003762239357955851,0.0005928570062653326,0.00040226541419679634
0.0966,0.00026772863585902343,0.0006674513677361211,0.0004656333376080631
0.0968,0.00038847773740167816,0.0004842519283994776,0.0004247386669905926
0.097,0.00035340165387578597,0.0005309117162413848,0.0004258935657657943
0.0972,0.00032485290168951444,0.000745227381046516,0.0005095199032019005
0.0974,0.0003964620864480656,0.0004429107855154888,0.00045253877844481305
0.0976,0.00032752622376423866,0.0005576965823252096,0.0004941739876057536
0.0978,0.0002693454094898135,0.0005619221949740997,0.0005245202679869431
0.098,0.00034841631075671907,0.00040261303963200467,0.0004369227099302814
0.0982,0.00022977763858584774,0.0005392328473919068,0.00047323305871383695
0.0984,0.0003534046042939674,0.0005204067840193911,0.0005738696597632944
0.0986,0.00040309245333908076,0.0005179548616066445,0.0006714783985642094
0.0988,0.0002680517366160882,0.0005949919485829703,0.0003650255549066317
0.099,0.00025171670202857603,0.0005313874858452024,0.00041133480226650157
0.0992,0.00028138124189813285,0.0006929969784340656,0.0006662681469381267
0.0994,0.0003500608440520175,0.0007984292538683848,0.000429426679663988
0.0996,0.0003483140603263467,0.00046530327588940277,0.00044107256500857355
0.0998,0.00026879372149710487,0.0005323608511908014,0.00042798095502664474
0.1,0.0003536976273720645,0.000891484995904465,0.0003291908972173177
0.1002,0.0003882865261545722,0.0005278729322926058,0.0004109328361598435
0.1004,0.0003005756007340158,0.0005392142393751869,0.00043545523595265456
0.1006,0.00028164554993799544,0.0003784171460245458,0.0003289215250527438
0.1008,0.0002448802894212702,0.00046793251869094995,0.00045827167838525217
0.101,0.0003347687040643546,0.0004765753345347554,0.0004817978848251913
0.1012,0.0003146040840830595,0.0006052662057901009,0.00036308428580358296
0.1014,0.00032044575286575204,0.0004247146750610166,0.0004446383012336833
0.1016,0.0003533487921864581,0.0005223365744160782,0.00045702572721707617
0.1018,0.00024487237947309816,0.000779955813233559,0.0005534662850476022
0.102,0.0002444461822866642,0.0005610335640391151,0.0006223727981306992
0.1022,0.00032604206825628227,0.0004585595491819885,0.0003512068676551923
0.1024,0.0002352711643849522,0.0005993191575408769,0.0003872946185400373
0.1026,0.00022078345622857952,0.0005369672779213804,0.00040499953367221863
0.1028,0.0003040091979554742,0.0005481905634423674,0.00043741073924829485
0.103,0.00026787825338289213,0.0006039802492039717,0.0004897568699840377
0.1032,0.00034441577485581497,0.0005078921103978238,0.00048626771322160593
0.1034,0.0002619209112549172,0.000581162804862714,0.0004369329460996313
0.1036,0.000350138623254086,0.0005445303254888753,0.0003881178944033982
0.1038,0.00029748889716904706,0.0003558461969639885,0.0004109082863333343
0.104,0.00030643211895473607,0.00047916232523289985,0.0004831709763833454
0.1042,0.0003130052909499901,0.0004893423712664102,0.0004941457061646471
0.1044,0.00018348276722156027,0.0006747706410710892,0.0005624998816317147
0.1046,0.0002478327740833471,0.0006429711279256622,0.0004769728565410283
0.1048,0.0002800422669524478,0.00048078571530788016,0.00036271563508241585
0.105,0.00027384559227660145,0.0004747121479517643,0.0005887380645627653
0.1052,0.00026094948936342913,0.00039399053703400704,0.0004946944391231523
0.1054,0.0002891696059904904,0.0004700639221755921,0.0004418723541339794
0.1056,0.0003130776629788414,0.00045559545749946056,0.0003767402966618354
0.1058,0.0002674080524678131,0.00043856855960263747,0.0004473302126508244
0.106,0.00023753496842748512,0.0006669667886208244,0.000598534925949508
0.1062,0.00023798918478956527,0.0006846828497470422,0.0003876954156426877
0.1064,0.00032691588369581774,0.0004375719609156548,0.0004131412283919703
0.1066,0.00029920409111221783,0.0005770057696754422,0.000375076875092797
0.1068,0.0002614534094141631,0.00039680257308564456,0.0005141885210978784
0.107,0.0003334588242166248,0.0004667960316162738,0.00037137591280599633
0.1072,0.00027282619104163747,0.000786600110278384,0.0003010158712388616
0.1074,0.0002457447516908409,0.0005256216788043376,0.00041658608820209
0.1076,0.0002932861722233048,0.000532333247490573,0.00042260503932130733
0.1078,0.00031522541144651594,0.0004193267145325067,0.000494495477270393
0.108,0.0002103463739867653,0.0006170843419133837,0.0005029055325809729
0.1082,0.0002900983519711573,0.000575191376789277,0.00037021362568118784
0.1084,0.0002092774857734117,0.0005050804937014882,0.00040612990134711806
0.1086,0.00028902329727059406,0.0005176602206638459,0.00038317388153065197
0.1088,0.00024745805064796124,0.0006346698857059128,0.00035230321408324803
0.109,0.0002145435678400584,0.0005040920619058689,0.0003238956440119386
0.1092,0.00033777481493992673,0.000490892297354067,0.0004714572849378694
0.1094,0.0002569650343027563,0.0004943960820141035,0.00042944858318453774
0.1096,0.00026778563589987956,0.0004839656941906841,0.00038739958375906287
0.1098,0.00020985257721260577,0.0005701791812368427,0.00034050051245025853
0.11,0.00021284773798105482,0.0004906323225484343,0.00031951658034503564
0.1102,0.00024168379986904423,0.0003795237279169447,0.00039840512946991754
0.1104,0.0002552612022569639,0.0003990902792689028,0.00046700970381845274
0.1106,0.0002521872945983694,0.0005458301207979771,0.0006065439307832291
0.1108,0.00030133153888518117,0.0004131708277956672,0.0003878385186114807
0.111,0.00022744125616568742,0.0004611759664425866,0.0003698592912810803
0.1112,0.00027818378764747425,0.0004907797119987144,0.00046008605845431546
0.1114,0.00022943329255439477,0.00038062619396206555,0.0004919358116403529
0.1116,0.00025738013663076354,0.0005696029616315451,0.00043791463895609677
0.1118,0.00032006872636029007,0.0003512819709143143,0.00040952466413669077
0.112,0.00021253988651223372,0.0006038219293954774,0.0004628718512452006
0.1122,0.00024236248836343027,0.0005062697818563301,0.0003198621295399863
0.1124,0.00027871008738224114,0.0003946692031848105,0.0003922332270806146
0.1126,0.0002037542730313611,0.0003017261943053277,0.000510250077919053
0.1128,0.00021252316799074986,0.00044534883377658605,0.00033565540591551585
0.113,0.00022762071353891694,0.0003860818848501125,0.000326631901079912
0.1132,0.0002793612775203799,0.00044432626984577646,0.0004169731285393145
0.1134,0.00029743429145822535,0.0004899762269225084,0.000452983110285425
0.1136,0.0001946999586069626,0.00038656256209474354,0.0003935889913507462
0.1138,0.00024831048018809763,0.0006353342055611334,0.00033437588496319196
0.114,0.00020002362508105635,0.00047964939944236115,0.0003754923385183745
0.1142,0.00022563609754863644,0.0005214113066771873,0.0003351709617477257
0.1144,0.00023513658968657251,0.0004259978536418802,0.000314761141860369
0.1146,0.00023364551601361423,0.0004782640105613274,0.0002662237849717947
0.1148,0.00023114537290776262,0.0004270244231710985,0.0003187678534240886
0.115,0.00023042020910228028,0.0005002196295213982,0.0003946318085557998
0.1152,0.0002085673970565266,0.0004496891097228268,0.00037289872638069554
0.1154,0.00023525873456308792,0.00038163854052479957,0.0004925667370960914
0.1156,0.00020020035489489433,0.0004526192729478208,0.0004951779958706455
0.1158,0.0002524367964524008,0.0004685308565170849,0.0003521723937381771
0.116,0.00019600964840253257,0.00044277223755638756,0.00029249134979161486
0.1162,0.0002661409867921165,0.00030447966758218194,0.0004221104733040715
0.1164,0.00018915082807838547,0.0004410162827048446,0.00036726090280113447
0.1166,0.00021051768889596332,0.00047699233179957894,0.0003059980474148244
0.1168,0.00019008656483086983,0.00031505428201091104,0.0004204741554225855
0.117,0.00022213072908638167,0.0005340562622408762,0.0004244661843990328
0.1172,0.00017860934122596538,0.0003567014023694273,0.00032587030479430933
0.1174,0.0002267117190967755,0.0003678797048613354,0.0004538098927131844
0.1176,0.00029773149194852117,0.00040472365302058943,0.00038319205719750495
0.1178,0.0002172307101362637,0.00034126189504566425,0.0003922165862153754
0.118,0.00021739784935737459,0.0004622707562606818,0.0004937156559577332
0.1182,0.00018741669791176818,0.0003985241258460064,0.0005049639898358608
0.1184,0.00017489661543135994,0.0003420027429719176,0.00036533044550080034
0.1186,0.0002137163527356891,0.0005147528502713124,0.000331946120601484
0.1188,0.0002640878067726812,0.0005055537934429017,0.000438472756993105
0.119,0.0001498183030166821,0.0002804977483131726,0.00038632767231926233
0.1192,0.00016394667175078037,0.00041441670504522915,0.0004719042753227244
0.1194,0.00017470659140666133,0.0004843509305531155,0.0002667586377964519
0.1196,0.0002158556297000462,0.00032814405306069537,0.0003689967144859475
0.1198,0.00017134410255197543,0.0003805854198110099,0.00034672876542878994
0.12,0.00027051448310320085,0.000419839426632087,0.00039099540947185285
0.1202,0.0001802897480658251,0.00042082873751895573,0.00042108952498970414
0.1204,0.00019436718133930195,0.00046922744552115107,0.0003692080902487264
0.1206,0.0002703249988658179,0.0004314367111869096,0.00037189359732335374
0.1208,0.00019363370871258175,0.00039071461112042636,0.00038837880090638135
0.121,0.00025686110694178756,0.00035552347068477474,0.0003121480103894564
0.1212,0.00019739052559930153,0.00048221166630963894,0.00043289506697141716
0.1214,0.00016077207476966772,0.0003856431700426318,0.0004189643131553803
0.1216,0.00024760422855356736,0.00044689090803188945,0.000519165384980418
0.1218,0.0001888681847523548,0.00045896474853837003,0.0003459287242739386
0.122,0.00022777956123734114,0.0005084180962908719,0.00034989305619968574
0.1222,0.00019367421015554942,0.00035973453885981295,0.0004107992128556974
0.1224,0.0001222086452767704,0.0004909182806264421,0.0003673648558383678
0.1226,0.00017662598043735652,0.0004980090687117356,0.00042454823309306185
0.1228,0.00013909525544416083,0.0004670196307391482,0.00033935366014239233
0.123,0.00024610055242983285,0.00042807563062854985,0.00048479943651331546
0.1232,0.00021628275710116473,0.000541810583633828,0.000327342824988419
0.1234,0.00015344882834960718,0.00042142931168415165,0.00033356464896544676
0.1236,0.00018191787242255878,0.00032958398011168023,0.00027371758104638433
0.1238,0.00019448849530193986,0.0002599257089321538,0.0003824685263981678
0.124,0.00017610473465866374,0.00037505570999005704,0.0003421978139634071
0.1242,0.00017373588848731744,0.0004784006586850563,0.0003472669729965658
0.1244,0.00020244729975912005,0.0004532832152260977,0.00042507308348839826
0.1246,0.0002582401954745698,0.00038539485809331456,0.00030975329461422723
0.1248,0.00017721440200222093,0.00038456217398787177,0.0002866121209702565
0.125,0.00015760212034255898,0.000324506390811707,0.00027823981164470284
0.1252,0.00019260958324431713,0.00036143559020336666,0.00025948632167192875
0.1254,0.00019392464106001675,0.0003468470136341558,0.00034652587702633543
0.1256,0.00019780866172953215,0.00045551877628216157,0.0003815045016548623
0.1258,0.00013996021821025228,0.0002988842964516129,0.00031247475357538246
0.126,0.00022358588116686365,0.00039671022933785826,0.00043124463586174526
0.1262,0.00022417429727948523,0.00041523650233443623,0.00028525792912704735
0.1264,0.00017693718713172153,0.0003900027395124094,0.00043310237590774866
0.1266,0.00017918401001696305,0.00038723997737801494,0.00037914432958162907
0.1268,0.00015928614949539154,0.0004071621810156346,0.00026886113846080604
0.127,0.00018151548897586776,0.0003736191209366507,0.00026809741566862335
0.1272,0.00017390178928825323,0.00034678262670342875,0.000329643795987133
0.1274,0.00017239731600387096,0.00039910364664092607,0.00030826720576938556
0.1276,0.0001228652848266495,0.0002894306608608519,0.00030431906051053603
0.1278,0.00020662151058891513,0.0004587397752659183,0.0003309276493660209
0.128,0.0002233269077178689,0.00033090773219218814,0.00035424898513150224
0.1282,0.00018089777727880576,0.0003120694158902186,0.000372520724978803
0.1284,0.00018694507777994976,0.0003581335553861601,0.00030120365589117926
0.1286,0.00018746619141043311,0.0002328314218886297,0.0003266948803307299
0.1288,0.00014286640948797357,0.0004217204752431571,0.00026050206047542184
0.129,0.00023986016597431312,0.00036933304721653885,0.0003749131451172441
0.1292,0.00016822185049719288,0.00032394370089678623,0.0003186527537680807
0.1294,0.00021992599359610065,0.0003853468065061305,0.0003718819238052275
0.1296,0.00014129035031690916,0.00035584266107504734,0.00029414189833212005
0.1298,0.0001818227469047748,0.00025551588442510606,0.0002525597770682678
0.13,0.00017553024565830616,0.00032587290386607384,0.00031120850920551504
0.1302,0.00022803467169120827,0.00037855678674530557,0.00034004357382911996
0.1304,0.00015750772086669325,0.0003746310947524538,0.00029886454198665556
0.1306,0.00013607739093626135,0.0002860845339647382,0.0003249842172506944
0.1308,0.00019851906251484974,0.00032700303802197676,0.0002575882177981618
0.131,0.00017085235667539225,0.00025155123527661105,0.0003299392628083428
0.1312,0.0001871967790929977,0.0003590312851431258,0.00028893554202037583
0.1314,0.00014630521461575296,0.0003679210483382986,0.0003912411814349227
0.1316,0.00019466709352128003,0.0004208611909446813,0.00033674636266153445
0.1318,0.00014025308246024026,0.00037671369989447233,0.0003214131319638645
0.132,0.00013725447279843968,0.00033343288067265675,0.00037807739112341116
0.1322,0.00020423781744168356,0.0003383509898092837,0.0003193523840327464
0.1324,0.00014328041964672766,0.00037757894456548843,0.0002958375362452213
0.1326,0.00022009379556701253,0.0003175342617001527,0.0003381985114507894
0.1328,0.0001211225484078104,0.0002905683249403322,0.00021806653531177824
0.133,0.00017070016600786149,0.0002740959190804226,0.0003432947957017741
0.1332,0.00016344459660833934,0.00036533377469567097,0.00020764182846224724
0.1334,0.00015365765907835686,0.00036472194429305985,0.00035764340568270557
0.1336,0.00014243411384292113,0.0003086765228827111,0.0003470507262575072
0.1338,0.00014055528217234736,0.0003469020309000809,0.00030846057635129735
0.134,0.00018125131447392203,0.00033346447316421425,0.00031965630930332853
0.1342,0.00015927219681520133,0.00038780999169718376,0.00027209833224187103
0.1344,0.00024127333478170785,0.0002420714331895287,0.00033352790758300465
0.1346,0.00015896992657170555,0.00038053144968682096,0.0002970912850693815
0.1348,0.00023578968643992433,0.0004433544460648257,0.0002681968539169171
0.135,0.00010837461456675277,0.00041082900580188657,0.0003558722560301937
0.1352,0.00018835641260944703,0.00035516963023165816,0.00035042857092368047
0.1354,0.00017620285810874162,0.00039265422764238046,0.00025449457427995526
0.1356,0.0001335418363709264,0.00028701178621677554,0.0002839205338052092
0.1358,0.0001242643203331026,0.00031174334925135387,0.00027096579227422807
0.136,0.0002455675035536986,0.0003120741436324199,0.00026359813525404503
0.1362,0.00016488601417688926,0.0004121010453278105,0.00034878510451092596
0.1364,0.0001536402635718151,0.00027615278148501813,0.0004023404427419693
0.1366,0.00013930366050527658,0.0003222347291375247,0.0003755155802655806
0.1368,0.00015735085323732452,0.0002849589322162279,0.0003693418095575819
0.137,0.0001609852405743105,0.0003240527329638711,0.0002775618608634485
0.1372,0.00013018937088965816,0.00035421066926576486,0.0003123648905568359
0.1374,0.00016874642556664058,0.0003780805756408584,0.0002991091530707203
0.1376,0.000167480028876959,0.00036535409080442027,0.00021128767622327434
0.1378,0.00018082751908515845,0.0003614669580273207,0.00028903168787437533
0.138,0.00015265278911201898,0.00032795249155328094,0.0003566204254349079
0.1382,0.00012938616166616312,0.0003846419517651528,0.00027112400722426044
0.1384,0.00018475596050424582,0.0003457794537279062,0.00029830304413383876
0.1386,0.000123937012005809,0.000267177562960434,0.0003004172436350038
0.1388,0.00020291088221043344,0.00034286245746215863,0.00022607777495361664
0.139,0.00016362603855114372,0.0003272126057803127,0.0003190567041281832
0.1392,0.00016963791346259467,0.00042016805675910827,0.0003320253957077506
0.1394,0.00010903468644852218,0.00030820578088137,0.0002607723671601401
0.1396,0.00011880393571422169,0.00024651525029255425,0.00022843840802917682
0.1398,0.00015040998786965706,0.00039471029593999055,0.00023050219698513529
0.14,0.0001401477463193757,0.00027715466701254155,0.0002883685190200473
0.1402,0.00020920506504435848,0.00035185921005098626,0.0002657728794007575
0.1404,0.00015943962991424242,0.00032422456449000565,0.00021368534194004434
0.1406,0.00016241115999558747,0.0003122893149085281,0.00024145180046921405
0.1408,9.90091903406701e-05,0.0003457359441346444,0.00030212237496579804
0.141,0.0001424872410406402,0.00019902643364335694,0.00025122441943339126
0.1412,0.00014978425443310284,0.0003043284418345856,0.00031768820815316495
0.1414,0.00015515569719125896,0.00029777327409047247,0.0003356375486450255
0.1416,0.00018833331783318043,0.00040388249151887426,0.00020628421445220233
0.1418,0.00012191322590101997,0.0003528583740137151,0.0003200384332285758
0.142,0.00015471050024891024,0.0003165192125355028,0.00028675151209145915
0.1422,0.00014781996376529095,0.00033960956105695377,0.0002648325623138663
0.1424,0.00013266741482391594,0.00029750337803696405,0.00018372151651261588
0.1426,0.00012899755464196565,0.0002863554205722446,0.0002825173600890693
0.1428,0.00013021924379509424,0.00029972568470447084,0.0003257627136027647
0.143,0.00015092703425764474,0.00030761438585769356,0.0002692371489802415
0.1432,0.0001435796020270703,0.0002839890701821362,0.00020354777764363177
0.1434,0.0001730236338778902,0.00028047418382465077,0.0002667828887061629
0.1436,0.00014375054439223715,0.0002965229085846545,0.00019800206089578412
0.1438,0.00015974325198960472,0.0003086123246178693,0.00026515273210522795
0.144,0.0001382732348292018,0.000282917144931385,0.0003220246131514745
0.1442,0.0001205270799781407,0.00029328190843095074,0.00028903104239583655
0.1444,0.00013959508458454706,0.00030290554447604207,0.00031751771364452543
0.1446,0.00013063684409515762,0.00022198551090154759,0.0002364302170397627
0.1448,0.00014080585699168517,0.0002752902365955378,0.0003203205328215646
0.145,0.00015141607638199264,0.00033881288957464314,0.0002107688320843904
0.1452,0.00013921463569206368,0.0002320016884356226,0.00024547783963590466
0.1454,0.00015912021414816603,0.00032129269641665,0.00026666243111157984
0.1456,9.108687120537641e-05,0.00031345598824587557,0.00025321948620399287
0.1458,0.00017036595219492397,0.00033286339130614485,0.0002679553708828736
0.146,0.00013162736913225934,0.0002621585860710031,0.00023766995766664418
0.1462,0.00013496017147274943,0.0003079276095787393,0.00028368502122968185
0.1464,0.00017221818857169238,0.0003094076864315669,0.00029609580601036627
0.1466,0.00014156275244683856,0.00022927511998682072,0.000258719106033831
0.1468,0.00011964437295319675,0.0002705872585764718,0.00017743093439236715
0.147,0.00013546421491310399,0.0002648368324961737,0.00024194002427026343
0.1472,0.00016122781715879327,0.00027447841856223265,0.00024020577966860537
0.1474,0.00010290042803644232,0.00029604682181080507,0.00027567431066677204
0.1476,0.0001464092497934485,0.00023607450806233996,0.00028742573431265344
0.1478,0.00012473712134715846,0.00035226020545229213,0.00019461783557087555
0.148,0.00015567232123062848,0.00032005518302206205,0.00020705256875938
0.1482,0.00010565448053750658,0.0002222273323778553,0.00025997619653496466
0.1484,0.00011463552573147433,0.0002511090155885868,0.00023741520694591227
0.1486,0.00012275045278087857,0.00029026104899976555,0.000203046397105447
0.1488,0.0001072246011672566,0.00024307693290758463,0.0002964776116662873
0.149,0.00013160363744172567,0.00027670717945168854,0.00028088886812600557
0.1492,0.00019465099400040536,0.00023908550012182364,0.00024592087730756606
0.1494,0.00014407193324977126,0.00026590892123032946,0.0002113716567420747
0.1496,0.0001222424133874862,0.0002432751379329554,0.00024231200434312596
0.1498,0.00011632200531505173,0.00022442565554886388,0.0001908195943916439
0.15,0.0001367843848441103,0.0002944571789379787,0.0003143550495765052
0.1502,0.00012424890905655993,0.00028424761887530143,0.0002808550094284899
0.1504,0.0001463699062880923,0.0003207281839430673,0.0002766275746275503
0.1506,0.0001430248139676614,0.0003071978037354733,0.00024768049984687446
0.1508,0.00011554262840741294,0.00029153543191525854,0.00018471701467929477
0.151,0.00010527980185517946,0.00024700056603777913,0.00020782532671402985
0.1512,0.00011238446037854196,0.0002564963904719517,0.0002321783526579382
0.1514,9.966572093676114e-05,0.00026471919299613097,0.00023925229805182627
0.1516,0.00017612095450579682,0.0002748366172957592,0.00022010553263183478
0.1518,0.00012386473516420754,0.0003258300271524933,0.000359080533376508
0.152,0.00011587276817190631,0.00033239744123608956,0.00018073394493346728
0.1522,0.00010359806573489964,0.00025548803127808673,0.00032353216824217477
0.1524,0.00010456181430585669,0.00027846661388163454,0.0002649530596957421
0.1526,0.00010358969616448198,0.0002994572808993525,0.00024103792336999647
0.1528,0.00015577256861220527,0.00022115434057503905,0.00018747898792660338
0.153,0.00014971779711962985,0.00030344155134434696,0.0002981077006146791
0.1532,0.0001277719247205195,0.0002260089836075112,0.00021416330261161504
0.1534,0.0001330645197519901,0.00031566448018466043,0.00020147331490845722
0.1536,0.00011870194899511344,0.0002500885838536529,0.00023098607878186455
0.1538,0.00012683305162237513,0.0003293889462137767,0.000263503493755987
0.154,0.00013303965292613828,0.0002451956553956696,0.00016809480428691773
0.1542,0.00014536958636844006,0.0004598094739704229,0.00022377838159741027
0.1544,0.00013965298444450116,0.00028001652608937146,0.00019139875015706715
0.1546,0.00011908172229518908,0.0002697021443067975,0.0002587479630144843
0.1548,0.00015445467958608955,0.00026091979551440394,0.00022511680881862902
0.155,0.00016589088353717167,0.0001974831533283951,0.000220000560529926
0.1552,0.00011393512366196622,0.00023041634045628382,0.00016802444884438125
0.1554,0.00010891249153235964,0.0002496344335425649,0.00018648259420208182
0.1556,0.00012738594635952586,0.00022513473244018342,0.00018342444400525692
0.1558,8.04123099634121e-05,0.0002033840311287701,0.00022637396106100347
0.156,0.00010357569352213865,0.00024307485498990195,0.00022940431138872343
0.1562,0.00012182840059202517,0.0002843666039040123,0.00023278989956476243
0.1564,0.00012082472817430039,0.00030841226555729587,0.00032867062446449816
0.1566,0.00010294482867889027,0.0002596950499640893,0.00023091865728056837
0.1568,0.00012971590194342357,0.0001800736285096175,0.00023632972875564924
0.157,0.00011933034690829304,0.00019150054294849112,0.0002355871884711478
0.1572,8.56799846411638e-05,0.0003258700945433601,0.00025260608451631577
0.1574,0.0001105584131033716,0.0002489342427919838,0.00022556717781234536
0.1576,0.00015768918841552266,0.00024096786477500462,0.00016818677265079972
0.1578,7.721377118404122e-05,0.00027662563884095373,0.00029267305075155977
0.158,0.00013716694558173228,0.0002471231052472415,0.00019619280042512913
0.1582,9.177750815882379e-05,0.0002121837046408032,0.00016026712979321138
0.1584,0.00011273794110148842,0.0002148675525784688,0.00018641532519249462
0.1586,0.00010026806392359725,0.0001828178355525522,0.00026199194091067673
0.1588,8.928231000961809e-05,0.00020720429353761064,0.00021033829686049438
0.159,9.94899835230044e-05,0.00025587752114388933,0.0002453276444273037
0.1592,0.00010234747882350256,0.00018310669963945425,0.0001541873289148717
0.1594,0.00010851929289290955,0.0003258152604868253,0.0002511068415398847
0.1596,0.00012053577531336918,0.0002511766534356302,0.00017242761387603833
0.1598,0.0001360094836588368,0.00027885913002408087,0.00031338964902787725
0.16,8.88786892543627e-05,0.00017426149715479521,0.00030677860745304377
0.1602,7.973768260347369e-05,0.0003110416928213768,0.000272125511064063
0.1604,0.0001270767421752519,0.00016061968486401676,0.0002273677744411609
0.1606,8.322219599340232e-05,0.0002965132016413779,0.00022217882404421856
0.1608,0.00012210638744731395,0.0002757546322120977,0.00019815747454302556
0.161,0.00011173742303808662,0.000263288806788463,0.00019848047565650687
0.1612,9.94995421676799e-05,0.0002253382411066686,0.0002031752932629799
0.1614,0.00011069845920811621,0.00023634212527522846,0.00022560794942054984
0.1616,0.00013392122056855082,0.0002054226390445619,0.00019987120943890506
0.1618,0.00012230772166648375,0.0003296099367762578,0.00020454986140541826
0.162,0.00011907352948101321,0.00022386820814290502,0.000259471577573121
0.1622,0.00010186623781096187,0.00017853295397824882,0.0001970474715881993
0.1624,0.00013294044885173373,0.00026240102458093657,0.00020092356258452496
0.1626,0.0001145983177080974,0.00025300114054621403,0.00017117733208748696
0.1628,0.00011837442318884825,0.00019116544640040102,0.00017266437294323757
0.163,8.822483907098111e-05,0.0001788743299078409,0.000210737506705867
0.1632,0.0001046532142005034,0.0002540301072490248,0.0002417840040865216
0.1634,0.0001198114961963767,0.0003261752479762356,0.00023304811936734405
0.1636,0.00010444806213310415,0.00018720580990544492,0.00022403105701512165
0.1638,0.00012116100182617422,0.00024102618431524883,0.0002341218750288047
0.164,9.5800652776976e-05,0.00022477046420629998,0.00018016991200355014
0.1642,0.00013865067314602632,0.0002797303212193321,0.0001785118767790573
0.1644,9.624460699034339e-05,0.000296080405558789,0.0002066308797329256
0.1646,8.663298876914452e-05,0.0002856407691764077,0.00026868027510699706
0.1648,9.727243395311049e-05,0.00017950776616619443,0.00022585545165239228
0.165,0.00010916336243344323,0.000249011907028163,0.00021617006321366806
0.1652,0.00010460768555110237,0.00024021813677038573,0.00020212646382684342
0.1654,9.670462968919075e-05,0.00020517891733924494,0.0002617306556512239
0.1656,8.138077621269172e-05,0.00019066758566217134,0.00021697098032061305
0.1658,8.741759876646651e-05,0.00020613685109996068,0.00018267861497765498
0.166,9.480669324575392e-05,0.00023368887476892254,0.00014796429447227493
0.1662,9.520425269317218e-05,0.00018806043660157736,0.0001973290185650509
0.1664,7.611768400400157e-05,0.00021651287420981316,0.00019219022684987275
0.1666,0.00011277308255468334,0.00022190242692214087,0.00019068768335023974
0.1668,0.00014595077026291378,0.00018983069299104345,0.00021035299443635612
0.167,0.0001161475323019668,0.0002046035853297293,0.0003061895459753881
0.1672,9.612235244398433e-05,0.00022524517073800523,0.00020460356162173561
0.1674,9.738284912276155e-05,0.0002428292874499826,0.00027301913368613605
0.1676,0.0001409371665468027,0.0001850627126698402,0.00019993160270050347
0.1678,9.995935384483651e-05,0.00027790290577733384,0.00022132913871138627
0.168,9.242448143419722e-05,0.00023840811528369718,0.0001851346914974604
0.1682,9.863423507687667e-05,0.0002715028292106002,0.0001859216941380669
0.1684,0.00010107742365636652,0.0002024736357278699,0.00018135850655994374
0.1686,0.00015034832665099625,0.00018880196016513587,0.00016602086488934332
0.1688,0.00010457918645501515,0.00026936536225812924,0.00023177897884549593
0.169,9.989560953825848e-05,0.00018297899780163993,0.00020521397866857518
0.1692,8.949456647549744e-05,0.0002303885907818918,0.00013872412230767656
0.1694,7.71883902278094e-05,0.00018957813694901916,0.0001986530044005602
0.1696,0.00011973891186337144,0.00021910760647253787,0.00020064929437393054
0.1698,0.00010603743126382877,0.00030500189824501304,0.00018611407018539184
0.17,0.00012468276094629592,0.00023781011937694182,0.00022314469301785167
0.1702,9.44987619659192e-05,0.00021909054687628372,0.00021738578833580856
0.1704,6.704237743360267e-05,0.0002731533523945221,0.00023055117828745694
0.1706,0.0001210146186748109,0.00019992408655404603,0.00021995534326882748
0.1708,9.78505305699535e-05,0.00016186940371812098,0.00020675758359020772
0.171,0.0001184421926910128,0.00022289368123350425,0.0001927743963503861
0.1712,7.176929621487595e-05,0.00014055534346055825,0.00019299494449339378
0.1714,0.00010204496579126742,0.0001587902532557404,0.0002154807377290458
0.1716,0.00011577849937333111,0.00019730046545869147,0.00015498143961925026
0.1718,8.237231283561756e-05,0.00022570670423544163,0.00018918234176847244
0.172,8.515439664655061e-05,0.0002686194348700847,0.0002532227487805827
0.1722,6.586025564908519e-05,0.00022938376402215782,0.0001744624897733124
0.1724,0.00010304285445142298,0.00020737634978079474,0.00021391808465418623
0.1726,9.678651697276457e-05,0.00021760180876586178,0.00020955635666419022
0.1728,9.791489614409629e-05,0.0002107709795347594,0.0001962600361909699
0.173,8.365044470094873e-05,0.00022581269668293068,0.00020699711939316332
0.1732,0.0001155684185875015,0.0002961142316760052,0.00021899518705577054
0.1734,7.064842717738127e-05,0.0001942654395119066,0.00018426347016581993
0.1736,7.620472475046453e-05,0.0002347654156444556,0.00019148026944594521
0.1738,9.466888060303463e-05,0.0002042527698263587,0.00016538903244893874
0.174,8.784201550345562e-05,0.00021414820479569334,0.00022643478492174654
0.1742,0.00010748680778257723,0.00018711576734640323,0.00019688414568467307
0.1744,9.02783535258398e-05,0.00020521237945168164,0.00015107333236220728
0.1746,0.00011421750353572586,0.0002711713864136041,0.00016795805232654566
0.1748,9.748234684454932e-05,0.00022246316847605142,0.00021213028619877962
0.175,8.726875411230516e-05,0.00016791936986164816,0.00016772731768749982
0.1752,0.00010877208098019698,0.00024375617212065811,0.00013929219158626354
0.1754,7.868364956658019e-05,0.00019297658376257705,0.00019239996564421894
0.1756,6.548276117778485e-05,0.0002598557272083581,0.0001666431804785961
0.1758,0.00011626466774019786,0.00023068321508351076,0.00023861378306892623
0.176,0.00010388926630037453,0.00019691451038294483,0.00025496635525221976
0.1762,0.00011922766452778263,0.0002487136558236551,0.00016159027043613941
0.1764,7.980631967471479e-05,0.00022356010797855194,0.00021480871706565808
0.1766,8.868765712306022e-05,0.00019796659815038908,0.00017697872811221936
0.1768,0.00010520808830065212,0.00024108203236208225,0.00014552768286861835
0.177,8.383365716399532e-05,0.00020792480997394334,0.00016260668976205396
0.1772,9.142008498122098e-05,0.00021848239058015815,0.0002552412555219554
0.1774,0.0001125093288292352,0.00014651168623466525,0.00021710398861657143
0.1776,8.967266550595294e-05,0.00021599229052152906,0.00019570738368245648
0.1778,7.864378705576113e-05,0.00018270076207014575,0.00017313473473318784
0.178,0.00011156947612222662,0.0002323876273604641,0.00017226862269979805
0.1782,7.491933536971706e-05,0.00020421158198393388,0.00018433355368653652
0.1784,9.421466420833355e-05,0.00022491160412070545,0.00014766227402443044
0.1786,8.993163055816844e-05,0.00021563434647020396,0.00014499775442779019
0.1788,8.712258464315151e-05,0.00020240411156067858,0.00020664342180706175
0.179,9.42222210579459e-05,0.0001935747810145374,0.000206884622658145
0.1792,7.884803375910405e-05,0.0001906997944705852,0.00020037524890126175
0.1794,6.932966198358802e-05,0.00020348435352838742,0.00014821772052024023
0.1796,7.051365611664648e-05,0.00015379982786137985,0.00016835027353979918
0.1798,9.051090856214884e-05,0.00016235603654293085,0.00018193067178052068
0.18,8.316681601449562e-05,0.00026011138751154297,0.00014441454419571385
0.1802,0.0001239783740390615,0.0002078223517651358,0.00019350254025476455
0.1804,8.351780925389585e-05,0.00016685307007611316,0.0001890485382084526
0.1806,6.45807186560522e-05,0.0002337226909344079,0.00019169381687404627
0.1808,0.0001229645805352998,0.00021793651972226306,0.00026858845078378026
0.181,9.655748594901873e-05,0.0002632791143850677,0.00016800953732467054
0.1812,7.439039456803377e-05,0.00018756990097802418,0.00018710568792098636
0.1814,6.826085268278731e-05,0.00019874846520405567,0.0002479543665355385
0.1816,7.311725959522471e-05,0.00017621911910971363,0.00018038565637583224
0.1818,8.120807601838333e-05,0.00020740590770030448,0.0001570336497243746
0.182,0.00010296943823978945,0.00024827558503461413,0.00018328151815019125
0.1822,9.652125491329672e-05,0.0002007296352453493,0.00020782437528219102
0.1824,0.00010157819045269265,0.0002180804937172687,0.00016499638757600646
0.1826,0.0001102389332385174,0.00024034406612961134,0.00015808418261841902
0.1828,8.616475160842395e-05,0.00021772144325679502,0.0001632578542003682
0.183,8.930314846131777e-05,0.0002097493653805385,0.0002570526751054852
0.1832,0.00010105924037250071,0.0001649393968494766,0.00016906698606685913
0.1834,6.351626804920452e-05,0.00025157855061091154,0.0002223686494009219
0.1836,8.699649260621392e-05,0.000275659982925762,0.0001906616408863218
0.1838,7.755725035115637e-05,0.00018316623253902074,0.00016027156553574383
0.184,7.833474823867658e-05,0.00020329092857521478,0.00016956844840236067
0.1842,8.416357927363987e-05,0.00021228179079336407,0.00018382813235543963
0.1844,7.872165238188813e-05,0.00022441652505643237,0.000183868481420549
0.1846,7.800732939231398e-05,0.00015948542263794985,0.0001632682861590355
0.1848,7.436406625168298e-05,0.00021403907940887551,0.00020895531190378696
0.185,8.452106826967565e-05,0.0002038307163240525,0.00017707507360831785
0.1852,8.970636609271251e-05,0.0001631214005875402,0.0002217123394117471
0.1854,8.198324671355794e-05,0.00013367310692238122,0.00017252297335106556
0.1856,7.205230198261522e-05,0.00022932665444655708,0.00019695396021073653
0.1858,8.839162951842014e-05,0.00017384711156454282,0.00014639663476211692
0.186,7.887594360111709e-05,0.0002329393025335072,0.00022005463013379157
0.1862,8.326987455872654e-05,0.00023941454394119658,0.00016142442812165848
0.1864,7.390787159319284e-05,0.0002142577466648444,0.0002282932392761195
0.1866,8.12176287729408e-05,0.0002478285508803201,0.00015322239644640666
0.1868,7.547184433302598e-05,0.00017535971950118044,0.00017618747573707868
0.187,8.700402037974292e-05,0.00027277460281971037,0.0001579864083607518
0.1872,7.561225204058272e-05,0.0002230133929574428,0.00017549399764144603
0.1874,8.687885894603694e-05,0.00024873023167714883,0.00015360968823639702
0.1876,6.3766570818321e-05,0.00018709882229943405,0.00013345523357356193
0.1878,9.713980095433073e-05,0.00018341159617655812,0.00014888994903540972
0.188,7.251888839676361e-05,0.00016819914623285323,0.00015021458213667347
0.1882,0.00010475082563867658,0.00022091671055149225,0.00016886097464364097
0.1884,8.763423010726882e-05,0.00015508544695211468,0.00014748240660104867
0.1886,9.265406832146452e-05,0.0002727773212414227,0.0001414619383543809
0.1888,7.266013337308495e-05,0.00015329421118061762,0.00015272385810831293
0.189,0.00010297855802480393,0.00017525519593857467,0.00014334887008304447
0.1892,6.875145881541918e-05,0.00019664393654234986,0.000150649905485301
0.1894,8.361718191435714e-05,0.00018425348157726255,0.0001483176899867701
0.1896,7.033505401395624e-05,0.0001547951139980957,0.0002328662283363714
0.1898,7.814758650871584e-05,0.0002583183264944033,0.00010706929229935348
0.19,7.72620612004035e-05,0.0001721946209393609,0.0001659722256703544
0.1902,9.318701583759664e-05,0.00021858647670836744,0.00017234585505508115
0.1904,0.0001161908847780643,0.00019141548471971056,0.00015913758451714473
0.1906,6.51487165032555e-05,0.00017179450170309678,0.0001581676338850776
0.1908,7.313184564117872e-05,0.00021921988833837442,0.00029386738036130816
0.191,7.638031920087192e-05,0.0002471038872776735,0.00014794435488097167
0.1912,9.25306033858327e-05,0.0001951279535360673,0.00018746317806707271
0.1914,7.951362805368901e-05,0.0001977526853952676,0.00016975442517309122
0.1916,7.464864129109422e-05,0.00021413395754356034,0.00021372451270885876
0.1918,8.327812921406218e-05,0.0001984888318188786,0.00014414560479411007
0.192,8.124320602363018e-05,0.00024049017298086883,0.0001968531948604596
0.1922,8.027679133018727e-05,0.00019857359664337325,0.0001748722752968297
0.1924,9.518932032022008e-05,0.0002197758331356264,0.0002015094199342337
0.1926,7.597773400273643e-05,0.00016418439004224001,0.0002527741936474807
0.1928,7.162269094461493e-05,0.00017606480135778005,0.00015978673036482648
0.193,7.99261026352605e-05,0.00015103415182027104,0.00023338727892354376
0.1932,8.824146117173541e-05,0.00021584492390328577,0.00014460904184040814
0.1934,7.437655366718592e-05,0.00016281829612123613,0.00017427914616309834
0.1936,8.807691048865177e-05,0.00021029905456367316,0.0001931989926319279
0.1938,7.049401307367217e-05,0.000195912562426709,0.0001876614732413288
0.194,7.256732095731929e-05,0.00017158088779750896,0.00017853564247212355
0.1942,8.890089108514817e-05,0.00015319856427029122,0.00016307383410896277
0.1944,7.057508449548252e-05,0.00021068435748471006,0.0002359867211447593
0.1946,6.979116677315508e-05,0.0002199592034928991,0.00016511732916411152
0.1948,7.824109392775873e-05,0.00017147630930005112,0.00020226474819812882
0.195,7.920227092355138e-05,0.00019826533445135836,0.0002271588744328918
0.1952,9.774409849835675e-05,0.00022746588024778318,0.00022100508010864452
0.1954,7.144272517588043e-05,0.0002119360186824691,0.0002072144729497168
0.1956,7.871726150101897e-05,0.00021740963338880853,0.00021201407531434198
0.1958,6.730560526951197e-05,0.00025965589915496237,0.00016494009364870175
0.196,7.874635445269717e-05,0.0002490673279078699,0.0002111877843612484
0.1962,5.4486197952004235e-05,0.00023108012011157156,0.00015672458929295868
0.1964,6.464118890076416e-05,0.00025334387724224066,0.0001719285959486951
0.1966,9.126024059524207e-05,0.00019198853444216617,0.00017967198708265954
0.1968,0.00011199582679852294,0.00018368095639868662,0.00020572423782508806
0.197,9.24426653500787e-05,0.00019105636701022548,0.00018003111730586303
0.1972,8.409110283213215e-05,0.00020978983887605138,0.00020751654495780171
0.1974,9.936379268607461e-05,0.0002166845095521166,0.00019317872773332807
0.1976,8.029379715138197e-05,0.0002304362099117609,0.00020180355629749192
0.1978,9.820481233288012e-05,0.00021537106502934804,0.0001664600916797967
0.198,0.00010201213858812763,0.0002426510025365438,0.0001615871046129009
0.1982,9.078926704263766e-05,0.00020838167408772056,0.00019765926119674215
0.1984,8.50449313665328e-05,0.00020533008646748046,0.00016493509372343513
0.1986,8.639981085537725e-05,0.0001749306875065017,0.00019078119782181264
0.1988,8.920511338175552e-05,0.00018571230550833772,0.00017743103663381084
0.199,7.93913989069392e-05,0.0001776936332497471,0.00016073447157552299
0.1992,9.072968351243933e-05,0.00019602636731343246,0.00021884844990039
0.1994,7.793996091962889e-05,0.00020385667891526486,0.00015426016141601408
0.1996,4.763852625373903e-05,0.0001830447696451056,0.00018800280546332675
0.1998,8.960067772014224e-05,0.00022111020988695672,0.00027620008968137175
